time,open,high,low,close,dxy_open,dxy_close,dxy_high,dxy_low,fred_fedfunds_close,usintr_close,usiryy_close,uscons_close,usunemp_close,nasdaq_open,nasdaq_close,nasdaq_high,nasdaq_low,nya_open,nya_close,nya_high,nya_low,sp500_open,sp500_close,sp500_high,sp500_low,light_crude_oil_open,light_crude_oil_close,light_crude_oil_high,light_crude_oil_low,btc_open,btc_close,btc_high,btc_low,total_crypto_cap_open,total_crypto_cap_close,total_crypto_cap_high,total_crypto_cap_low,gold_RSI,gold_MACD,gold_MACD_signal,gold_MACD_hist,gold_ADX,gold_CCI,gold_ROC,gold_SMA_10,gold_SMA_20,gold_EMA_10,gold_EMA_20,gold_SMA_50,gold_EMA_50,gold_SMA_100,gold_SMA_200,gold_EMA_100,gold_EMA_200,dxy_RSI,dxy_MACD,dxy_MACD_signal,dxy_MACD_hist,dxy_ADX,dxy_CCI,dxy_ROC,dxy_SMA_10,dxy_SMA_20,dxy_EMA_10,dxy_EMA_20,dxy_SMA_50,dxy_EMA_50,dxy_SMA_100,dxy_SMA_200,dxy_EMA_100,dxy_EMA_200,nasdaq_RSI,nasdaq_MACD,nasdaq_MACD_signal,nasdaq_MACD_hist,nasdaq_ADX,nasdaq_CCI,nasdaq_ROC,nasdaq_SMA_10,nasdaq_SMA_20,nasdaq_EMA_10,nasdaq_EMA_20,nasdaq_SMA_50,nasdaq_EMA_50,nasdaq_SMA_100,nasdaq_SMA_200,nasdaq_EMA_100,nasdaq_EMA_200,nya_RSI,nya_MACD,nya_MACD_signal,nya_MACD_hist,nya_ADX,nya_CCI,nya_ROC,nya_SMA_10,nya_SMA_20,nya_EMA_10,nya_EMA_20,nya_SMA_50,nya_EMA_50,nya_SMA_100,nya_SMA_200,nya_EMA_100,nya_EMA_200,sp500_RSI,sp500_MACD,sp500_MACD_signal,sp500_MACD_hist,sp500_ADX,sp500_CCI,sp500_ROC,sp500_SMA_10,sp500_SMA_20,sp500_EMA_10,sp500_EMA_20,sp500_SMA_50,sp500_EMA_50,sp500_SMA_100,sp500_SMA_200,sp500_EMA_100,sp500_EMA_200,light_crude_oil_RSI,light_crude_oil_MACD,light_crude_oil_MACD_signal,light_crude_oil_MACD_hist,light_crude_oil_ADX,light_crude_oil_CCI,light_crude_oil_ROC,light_crude_oil_SMA_10,light_crude_oil_SMA_20,light_crude_oil_EMA_10,light_crude_oil_EMA_20,light_crude_oil_SMA_50,light_crude_oil_EMA_50,light_crude_oil_SMA_100,light_crude_oil_SMA_200,light_crude_oil_EMA_100,light_crude_oil_EMA_200,btc_RSI,btc_MACD,btc_MACD_signal,btc_MACD_hist,btc_ADX,btc_CCI,btc_ROC,btc_SMA_10,btc_SMA_20,btc_EMA_10,btc_EMA_20,btc_SMA_50,btc_EMA_50,btc_SMA_100,btc_SMA_200,btc_EMA_100,btc_EMA_200,total_crypto_cap_RSI,total_crypto_cap_MACD,total_crypto_cap_MACD_signal,total_crypto_cap_MACD_hist,total_crypto_cap_ADX,total_crypto_cap_CCI,total_crypto_cap_ROC,total_crypto_cap_SMA_10,total_crypto_cap_SMA_20,total_crypto_cap_EMA_10,total_crypto_cap_EMA_20,total_crypto_cap_SMA_50,total_crypto_cap_EMA_50,total_crypto_cap_SMA_100,total_crypto_cap_SMA_200,total_crypto_cap_EMA_100,total_crypto_cap_EMA_200
2024-07-23,2396.15,2412.02,2388.37,2408.518,104.477,104.328,104.555,104.122,5.33,5.5,3.0,68.2,4.1,19783.3302,19754.337,19904.5955,19736.224,18539.1444,18518.3421,18575.9855,18503.9613,5565.3,5555.75,5585.34,5550.9,77.45,77.59,78.19,76.98,67601.81,65971.26,67807.49,65475.52,2388126142700.0,2351489924185.0,2413016880640.0,2321944825317.0,55.23952998509929,16.354893227839057,20.300350644045942,-3.945457416206885,37.05664404110142,-50.49101870018131,-0.09382855341425467,2420.979799999998,2403.4697999999967,2409.4144488591173,2398.763786535828,2356.509479999999,2371.3004455490986,2353.140359999999,2232.6713900000045,2333.3386597447306,2254.4089927225914,42.95956985962762,-0.23313055862666943,-0.26486260883704765,0.031732050210378226,32.49619413673755,49.747555441931766,0.2344260405057419,104.25950000000061,104.4546999999997,104.35069541624124,104.51715803794545,105.01440000000031,104.80754776931056,105.11318000000057,104.47916499999994,104.83284647097179,104.62265006722724,45.034488333799885,-42.520937082033925,56.25291482358777,-98.7738519056217,34.297856619987535,-50.30737824659674,-2.838731926709026,19876.62942999995,20128.55585500001,19836.79706605302,19927.23561865466,19778.813018000023,19692.802987607254,18933.999214000007,18341.38401899997,19182.364700749047,18357.45873368828,60.60185722490039,116.5707977060083,122.07881500847346,-5.508017302465149,33.55032226022724,29.812472573899466,0.06714933935585421,18531.406470000074,18372.280269999974,18475.139498151235,18388.934332596553,18139.294549999944,18222.96621550589,18034.076289000033,17764.581438999947,18057.623418946037,17684.802574859987,52.643569653711374,14.952707538618597,28.558522339093134,-13.605814800474537,44.06735648326145,-37.66751805253646,-1.0612002122756592,5568.173999999987,5575.966500000001,5555.600821978985,5552.494121878987,5490.782600000005,5486.788995463033,5334.7524,5185.547899999994,5376.362760081325,5187.358267636291,35.14897136732709,-0.8821580653648056,-0.2697388199951851,-0.6124192453696204,26.524819286747867,-119.26671459381687,-5.619754287799528,79.56899999999936,81.01300000000045,79.1721265102112,80.15752324879749,80.25459999999988,80.37555650327943,79.94000000000001,79.23265000000035,80.12266649437142,79.65987806980652,58.727560531776156,1391.9726877955254,459.6528475501445,932.3198402453809,28.67108117137646,67.39187165725876,11.3178775931702,65453.426,61479.367500000146,65180.10830500666,63611.581354434195,63759.04099999999,63452.46613823093,64391.377600000014,60240.73910000006,63160.08235081644,58890.695844856724,58.27664058542257,43753071019.02344,13730484562.864056,30022586456.15938,28.474503957658584,63.125488453187785,9.984356776589065,2336787854862.497,2202382815804.852,2325351020321.783,2275392610674.63,2283179697242.901,2274527021133.561,2308427368304.929,2185116733078.6829,2270207379125.3916,2131613331102.45
2024-07-24,2408.84,2432.01,2396.98,2397.4,104.375,104.4,104.455,104.08,5.33,5.5,3.0,68.2,4.1,19475.6623,19032.3881,19482.5495,19005.4681,18518.3422,18308.4222,18518.3422,18299.7383,5505.84,5427.12,5508.04,5419.98,77.5,78.28,78.47,76.04,65971.01,65397.85,67145.62,65142.75,2351665944829.0,2319379822946.0,2389338022867.0,2302041403007.0,51.86704030944232,14.294527791702421,19.099186073577236,-4.804658281874815,36.32068998930786,-41.53539205804896,-0.5550070931399809,2419.641799999998,2405.513799999997,2407.230003612005,2398.6339021038443,2357.9391199999986,2372.3239574883496,2353.291359999999,2234.431190000005,2334.6072011359242,2255.831788814904,44.851395563049095,-0.2140260462278718,-0.2546952963152125,0.04066925008734068,32.500147264210504,50.898276280644936,0.13908205841446364,104.27400000000061,104.43094999999971,104.35965988601556,104.5060001295697,105.0165800000003,104.7915655038474,105.09346000000058,104.48910499999994,104.82427525372482,104.62043464367274,30.709123467736376,-106.24936719965626,23.752458418938964,-130.00182561859523,35.439778002214084,-146.88650599902198,-6.38962156720253,19746.71887999995,20070.84358500001,19690.540890407017,19842.012045449454,19786.36404800002,19666.904364563834,18947.25477100001,18355.01606399997,19179.39486707085,18364.174448775957,48.71470417294836,95.89416454021557,116.84188491482188,-20.947720374606305,31.321596314685173,-107.32143241470744,-1.0671901101028891,18511.657140000076,18383.118764999974,18444.827262123737,18381.2665104445,18146.77325199994,18226.31743058409,18042.091233000032,17772.332369499945,18062.589731442156,17691.00774525939,36.57292999589657,3.466248239081324,23.540067519090773,-20.07381928000945,43.74622324553531,-172.28077715641345,-3.3518896451506075,5549.351999999988,5570.472000000002,5532.24067252826,5540.553729319084,5493.498000000005,5484.44903485664,5338.405499999999,5189.197349999995,5377.367853941101,5189.743956515532,39.60515599403558,-0.91161068320433,-0.3981131926370141,-0.513497490567316,28.150542779478858,-100.1906789055919,-4.431693321938712,79.20599999999936,80.76900000000043,79.0099216901728,79.97871151081678,80.33879999999988,80.29337781687632,79.8692,79.25500000000035,80.08617804893832,79.64614793975869,56.605134723311025,1343.2539603207551,636.3730701042666,706.8808902164885,27.590002934944767,50.87522348412687,7.479416357721669,65908.525,61896.432000000146,65219.697704096354,63781.70217782141,63655.65339999999,63528.755701437556,64410.88960000001,60347.76655000006,63204.39458149334,58955.44364739546,54.85815394685751,41218023519.95947,19227992354.28314,21990031165.676334,27.06983129655802,41.755384373217055,6.002644766130305,2349921879193.297,2216205639386.902,2324265348071.6406,2279581868986.189,2278629296262.821,2276285954537.97,2309085201021.309,2188660411533.6028,2271181090884.2153,2133481654404.3757
2024-07-25,2397.18,2401.18,2353.22,2365.3,104.355,104.316,104.45,104.207,5.33,5.5,3.0,68.2,4.1,19041.1524,18830.5847,19227.1997,18721.7058,18308.4221,18344.4571,18559.2514,18289.65,5428.7,5399.23,5491.59,5390.95,78.35,77.16,78.6,76.19,65396.31,65808.95,66157.22,63448.99,2318952232889.0,2297222314880.0,2337940061584.0,2224340581183.0,43.59199396036063,9.956697005080514,17.270688259877893,-7.313991254797379,33.92815548568792,-164.1904547766602,-2.325312498709531,2414.0107999999977,2404.2167999999974,2399.6063665916404,2395.459244760621,2358.119159999999,2372.048508175081,2353.1173599999984,2236.0304900000046,2335.2149793312524,2256.921024747094,43.05717696175737,-0.2033199348473005,-0.24442022402163008,0.04110028917432959,32.503818025435386,53.23852983832244,0.07002868298111586,104.28130000000063,104.40299999999971,104.35172172492183,104.48790487913449,105.0210600000003,104.77291587624553,105.07743000000059,104.49963999999994,104.81421039721542,104.61740544323818,28.025505914063313,-171.0665068393937,-15.21133463272757,-155.8551722066661,36.993367757496806,-164.14646053068304,-7.6337958830016595,19591.08961999995,19992.77451500001,19534.18521942392,19745.685631597124,19782.274774000023,19634.107514973097,18958.42397600001,18367.63909199997,19172.487735049643,18368.81534679809,50.50931298889536,81.4762910964746,109.76876615115242,-28.292475054677823,29.25805620389144,-97.37627166152211,-0.9750812678833709,18493.593670000075,18395.396849999976,18426.578141737602,18377.76085230693,18152.75247799994,18230.95035879648,18051.395998000036,17780.263474499945,18068.171263492808,17697.50972888865,34.139410767595635,-7.797459169263675,17.272562181419882,-25.070021350683557,43.8221984151785,-164.55692532921665,-4.119540915717945,5526.153999999988,5562.073500000001,5508.056913886758,5527.09432652679,5494.401800000005,5481.107111921086,5341.883799999999,5192.707349999994,5377.800767724446,5191.828394759158,35.358092533459654,-1.0136420996517757,-0.5212189740399664,-0.49242312561180923,29.47642497730217,-97.09262238565839,-4.457652303120363,78.84599999999936,80.46900000000043,78.67357229195956,79.7102627955009,80.37099999999988,80.17050025543018,79.81390000000002,79.28695000000035,80.02823392915737,79.62141014931333,57.78312983226556,1322.5705816972622,773.6125724228657,548.9580092743965,25.634388109364032,25.82814765733992,1.5678523743812844,66010.111,62353.37300000015,65326.83448516974,63974.77339898128,63549.60879999999,63618.17508569491,64430.600200000015,60457.099800000055,63255.969936315254,59023.63774045621,52.56668542098747,36994603627.73584,22781314608.97368,14213289018.762161,25.673386977543238,-6.7018239609034405,-1.1751890542068488,2347190105164.397,2229845406913.252,2319348432945.8877,2281261911452.266,2273120167850.121,2277106988276.8735,2309533846860.829,2192167417078.8528,2271696758686.112,2135110914707.6157
2024-07-26,2363.95,2390.81,2356.01,2386.89,104.355,104.316,104.45,104.207,5.33,5.5,3.0,68.2,4.1,18990.1994,19023.6562,19142.6755,18899.312,18344.457,18564.4772,18626.8774,18344.457,5433.67,5459.09,5488.32,5430.7,78.35,77.16,78.6,76.19,65812.68,67955.2,68440.92,65755.8,2297338184409.0,2369056226239.0,2379971162723.0,2293394535707.0,49.43530076980823,8.166924200689209,15.449935448040156,-7.283011247350947,31.706516303755116,-130.16794487694966,-3.3021390374331605,2405.8597999999974,2403.999299999997,2397.294299938615,2394.6431262119904,2358.346999999999,2372.630527462333,2353.3842599999984,2237.825395000005,2336.2382470672674,2258.2142483814514,43.05717696175737,-0.19261491955086285,-0.23405916312747663,0.041444243576613776,32.50722658942992,47.905691742160506,0.5513571869216527,104.33850000000061,104.37504999999969,104.34522686584513,104.47153298588358,105.0086800000003,104.75499760658884,105.0590200000006,104.51017499999995,104.80434484479531,104.61440638410149,33.97067782898519,-204.49797514016245,-53.06866273421455,-151.4293124059479,38.435986815973614,-129.0910775747285,-6.740494259703578,19453.59280999995,19924.35902000001,19441.361761346845,19676.92092382597,19782.32403000002,19610.16824771925,18973.72432100001,18379.50800149997,19169.540575939747,18375.331176183183,59.76666338959552,86.80319263090496,105.17565144710292,-18.372458816197963,27.87688863073732,-0.8726628345108599,-1.154025836227346,18471.919660000076,18418.67593999998,18451.65069778531,18395.54336161103,18162.710647999942,18244.029842765245,18063.006395000037,17788.659017999948,18077.999103819682,17706.136270889758,42.91839177617629,-11.758284527149044,11.466392839706096,-23.22467736685514,43.892746786990024,-104.81096805527912,-3.67235376843279,5505.341999999988,5556.6680000000015,5499.15383863462,5520.617724000429,5496.524600000005,5480.243695767317,5346.252499999999,5196.185049999995,5379.410455492279,5194.4877142142905,35.358092533459654,-1.0820297666729743,-0.633381132566568,-0.4486486341064063,30.70760130385239,-88.79429707313759,-6.867833433916715,78.27699999999936,80.16900000000044,78.39837732978509,79.4673806245008,80.40359999999987,80.0524414218839,79.76450000000001,79.31155000000035,79.9714372176889,79.59691850603659,63.37324886075542,1462.504452215071,911.3909483813068,551.1135038337643,24.856245339548646,85.75650643500467,4.367158759712342,66294.46399999999,62837.92500000015,65804.71912422978,64353.86164669735,63493.028999999995,63788.25449409903,64497.110300000015,60561.96890000004,63349.02399698228,59112.50900672033,58.60376417902381,38994406001.4668,26023932887.4723,12970473113.994495,23.919874896606235,41.08811455155398,1.7940942822891603,2351365504788.397,2243626259152.502,2328386213544.6353,2289623274765.2886,2269377685874.541,2280712840745.9766,2311433112946.319,2195570518417.868,2273624668934.684,2137438728752.704
2024-07-27,2363.95,2390.81,2356.01,2386.89,104.355,104.316,104.45,104.207,5.33,5.5,3.0,68.2,4.1,18990.1994,19023.6562,19142.6755,18899.312,18344.457,18564.4772,18626.8774,18344.457,5433.67,5459.09,5488.32,5430.7,78.35,77.16,78.6,76.19,67962.29,67928.8,69437.36,66688.65,2369476073891.0,2365789428158.0,2418161543370.0,2324241396148.0,49.43530076980823,6.671610189263447,13.694270396284814,-7.022660207021367,29.643565634817516,-112.8198192470502,-2.895372773650773,2398.7427999999973,2403.7817999999975,2395.402609040685,2393.90473323942,2360.212999999999,2373.18972246381,2353.4704999999985,2239.6103450000046,2337.241252075836,2259.4946041189496,43.05717696175738,-0.18203275748612668,-0.22365388199920663,0.04162112451307995,32.5103916845677,43.566636984250444,0.13150442987550637,104.35220000000061,104.34019999999968,104.33991289023693,104.45672032056135,104.99630000000029,104.73778201417359,105.04100000000061,104.51890499999995,104.79467464984887,104.61143716634923,33.97067782898519,-228.36025970469564,-88.12698212831077,-140.23327757638486,39.7755616559878,-110.21146229958923,-3.9167714700222844,19376.044089999952,19855.94352500001,19365.415295647417,19614.705235842543,19782.77814000002,19587.167775259673,18990.01774100001,18391.23276049997,19166.651776416187,18381.78217144504,59.76666338959553,89.98748081166195,102.13801732001473,-12.150536508352772,26.59437588423707,-2.112869103665681,-0.7909102954044567,18457.119770000074,18441.95502999998,18472.16460727889,18411.632298600456,18174.28767599994,18256.59640579406,18074.77028500004,17797.616044999948,18087.632333447014,17714.67697665205,42.918391776176286,-14.727497733159908,6.227614725132895,-20.955112458292803,43.95825598938644,-89.22931524923413,-2.311802558211107,5492.422999999988,5551.262500000002,5491.869504337416,5514.7579407622925,5498.766800000007,5479.41413907056,5350.732299999999,5199.697949999994,5380.988268254808,5197.120572779322,35.358092533459654,-1.123279024120663,-0.731360710877387,-0.391918313243276,31.850836464220446,-76.51799569504927,-5.092250922509223,77.86299999999936,79.91050000000044,78.1732178152787,79.24763008883406,80.43619999999986,79.93901234651591,79.71390000000001,79.34050000000035,79.91576519357625,79.57267056070289,63.26228330638247,1553.3665507436745,1039.7860688537803,513.5804818898941,24.52365016367819,102.90749249613505,5.931521461141642,66674.824,63439.77150000015,66190.91564709709,64694.33196605951,63464.797399999996,63950.62882766377,64541.23090000001,60671.00065000005,63439.712630705406,59200.23329521067,58.240729897388974,39856222760.73193,28790390862.12423,11065831898.607704,22.806677833143816,59.638139188963244,2.9894703235978204,2358232670203.5967,2261893995801.052,2335186798019.7925,2296877194136.023,2267037948235.901,2284049177507.2324,2312601206504.439,2199064182843.403,2275449713671.7793,2139710875015.4434
2024-07-28,2363.95,2390.81,2356.01,2386.89,104.328,104.569,104.752,104.138,5.33,5.5,3.0,68.2,4.1,18990.1994,19023.6562,19142.6755,18899.312,18344.457,18564.4772,18626.8774,18344.457,5433.67,5459.09,5488.32,5430.7,77.3,75.81,77.69,75.35,67917.93,68294.33,68332.96,67099.92,2365932819398.0,2372683821978.0,2383492269380.0,2332481819699.0,49.435300769808215,5.4240381268728015,12.040223942402411,-6.61618581552961,27.727968585089744,-96.43404989872236,-2.382276679453932,2392.9177999999974,2405.2162999999973,2393.8548619423786,2393.236663407094,2362.078999999999,2373.726988249543,2353.421699999999,2241.424270000005,2338.224395599087,2260.762219998363,50.50539738948443,-0.15148510621050093,-0.2092201268414655,0.057735020630964556,30.644440255879232,146.81840430739862,0.19546782925310424,104.3726000000006,104.31249999999969,104.38156509201204,104.46741362336503,104.98898000000028,104.73116311165698,105.0255100000006,104.52993999999994,104.79020584490137,104.61101490598755,33.97067782898519,-244.4533856774251,-119.39226283813363,-125.06112283929147,41.019452578858115,-95.29134004131387,-3.458181894913237,19307.900289999954,19785.14925000001,19303.277278256977,19558.414851476588,19783.23225000002,19565.069282112236,19009.877846000014,18402.38581599997,19163.820180843588,18388.16897769932,59.76666338959552,91.4567951320605,100.00177288242388,-8.544977750363373,25.403471191058266,-3.386165213536713,0.2740423887409138,18462.193320000075,18465.78561999998,18488.948715046365,18426.1889558766,18185.864703999938,18268.670162429586,18085.827376000037,17806.344036499948,18097.074806052024,17723.13270026745,42.918391776176286,-16.885969644044053,1.6048978512975056,-18.490867495341558,44.019085963040254,-78.65924012674391,-1.5418661106882725,5483.873999999987,5545.574000000001,5485.909594457886,5509.456232118265,5501.009000000007,5478.617114008969,5355.6507999999985,5203.076099999994,5382.534837200257,5199.727233746692,30.443364739804263,-1.2504882255498018,-0.83518621381187,-0.4153020117379318,33.37704226361488,-106.74267391110672,-3.59867751780264,77.57999999999936,79.63050000000044,77.7435418488644,78.92023674704033,80.44179999999986,79.77709029371137,79.6498,79.35945000000034,79.83446291251533,79.53523105263619,64.19705331493401,1636.011709981256,1159.0311970792754,476.98051290198055,24.214811786084198,92.4399996014026,6.728418011314163,67105.36799999999,64017.216500000155,66573.35462035217,65037.18892167289,63444.48619999999,64120.97005010833,64585.71050000001,60779.14115000005,63535.84366772114,59290.72181963644,58.82050771144651,40627213486.416016,31157755386.982586,9469458099.43343,21.772994845642994,40.310776826566645,3.3528140318360045,2365929768425.797,2278371603081.302,2342004438739.467,2304096872978.116,2265075783410.7607,2287525045917.8506,2313751741657.189,2202288547654.4727,2277375141559.0312,2142029013791.1902
2024-07-29,2387.4,2403.11,2369.73,2383.58,104.558,104.452,104.799,104.449,5.33,5.5,3.0,68.2,4.1,19122.4293,19059.4867,19224.5864,18974.5127,18564.4771,18539.3686,18588.4192,18479.6224,5476.55,5463.55,5487.74,5444.44,75.91,74.73,75.97,74.59,68287.83,66809.94,70040.75,66485.23,2372607094332.0,2345956221225.0,2441968078237.0,2328043248982.0,48.47378963665554,4.12073764349725,10.456326682621379,-6.3355890391241285,26.1410373786758,-64.4475832528343,-0.6998891842125099,2391.2377999999976,2406.2252999999973,2391.9867052255827,2392.316981177847,2363.878799999999,2374.113380867208,2353.339799999999,2243.198020000005,2339.122526379303,2261.984287461066,47.41656969286077,-0.1351587685306157,-0.19440785517929554,0.05924908664867984,28.66842273609395,180.66911069609208,0.08336128012265132,104.3813000000006,104.28589999999967,104.39437143891894,104.46594565923503,104.97598000000029,104.72021553865082,105.00885000000058,104.54074499999993,104.78350869945777,104.60943266811702,35.2111157811593,-251.4178930842354,-145.79738888735397,-105.62050419688143,41.59997667819541,-69.80197408849317,-2.3722892066580514,19261.586989999952,19715.472385000012,19258.95171857389,19510.897884669295,19784.402970000017,19545.242514186266,19030.09625600001,18413.578745999966,19161.754171321933,18394.848756030668,58.21460044079336,89.56275939867555,97.91397018567422,-8.351210786998664,24.297631118820807,18.788321084188716,0.7243451693558445,18475.525650000076,18490.32485999998,18498.115966856116,18436.96796960264,18196.93955999994,18279.285787432345,18096.633381000036,17815.13528399995,18105.833099001487,17731.25445051355,43.61777133144455,-18.028863937254755,-2.3218545064129463,-15.707009430841808,44.07557093857594,-63.28933378838518,-0.7527715763334664,5479.729999999988,5539.903000000001,5481.844213647361,5505.084210011763,5503.340400000007,5478.0262467929315,5360.613899999999,5206.492699999994,5384.1390978497575,5202.352335898467,27.187578792545825,-1.4220568223897345,-0.9525603355274429,-0.4694964868622916,35.149437899730096,-141.4528954580166,-4.972024415055943,77.18899999999937,79.26200000000044,77.19562514907086,78.52116658065555,80.38159999999986,79.57916518415406,79.5749,79.36970000000034,79.73338443900018,79.48741780833136,57.768764705010945,1563.7053052815609,1239.9660187197326,323.7392865618283,24.571620146315844,76.60099289435159,0.12335220058017349,67113.599,64454.12000000015,66616.3701439245,65206.022357704045,63387.816199999994,64226.419852064864,64603.81600000001,60881.45825000005,63600.67725845934,59365.539910983345,55.59784241154111,38636161562.009766,32653436621.98802,5982724940.021744,21.563865223480093,50.74522076990983,-1.1821797692557978,2363123248328.697,2291519947617.552,2342722944645.9272,2308083477573.0576,2262263863720.601,2289816464557.3467,2313972062660.0293,2205366541949.5977,2278733182740.5356,2144058140233.3176
2024-07-30,2383.58,2412.82,2376.63,2410.27,104.426,104.016,104.531,103.926,5.33,5.5,3.0,68.2,4.1,19129.5621,18796.2733,19165.4182,18667.2184,18539.3685,18580.5793,18627.1528,18491.8912,5478.73,5436.45,5489.46,5401.7,75.24,77.91,78.66,75.18,66803.64,66216.2,67032.46,65369.8,2345801971385.0,2326554897409.0,2366436950122.0,2293308947690.0,55.918954018267044,5.1817901121517025,9.401419368527444,-4.219629256375741,25.10264072773335,-14.675382418444658,0.41201809713462545,2392.2267999999976,2408.1937999999973,2395.310940639113,2394.0267924942427,2365.872199999999,2375.5312874998663,2353.524799999999,2245.004770000005,2340.5313872430793,2263.4597671878214,38.072214474337244,-0.15560783423975977,-0.1866478509913884,0.031040016751628624,28.75543996567726,-141.50726455526097,-0.33440329612417496,104.34640000000061,104.26159999999967,104.32557663184276,104.42309369168883,104.95122000000029,104.69259924301745,104.98781000000058,104.54880499999994,104.7683105073893,104.6035278654492,30.65514079181988,-275.0063351484423,-171.63917813957164,-103.36715700887066,42.76131204482959,-93.90795275436662,-3.7205375669946528,19188.952349999952,19621.51712000001,19174.828369742274,19442.838400415076,19778.83494200002,19515.87117245347,19047.682532000013,18423.395522499966,19154.51692634526,18398.843030100015,60.048419418876286,90.34563328963122,96.40030280646562,-6.0546695168343945,23.630038973131185,62.89492372619,0.948242803683641,18492.979050000078,18508.59467499998,18513.109300155003,18450.645239164292,18207.80059399994,18291.101219297743,18107.85149300004,17824.04049399995,18115.234013872745,17739.705444040777,40.38030374426539,-20.880660161995365,-6.03361563752943,-14.847044524465936,44.743097628588714,-79.9754068285733,-1.245052216261977,5472.8759999999875,5530.0295000000015,5473.590720256932,5498.547618582072,5504.853800000007,5476.395805742229,5365.305999999999,5209.755749999994,5385.174957298277,5204.681665889527,45.62659581307265,-1.2865956737897903,-1.0193674031799125,-0.26722827060987786,33.53709952057617,-38.929100410809156,-0.9282807731434417,77.11599999999936,79.02650000000045,77.32551148560343,78.46296023964074,80.38179999999986,79.51370772595195,79.535,79.39585000000034,79.69727781644572,79.47172210874596,55.38003784708101,1441.8711100862856,1280.3470369930433,161.52407309324235,24.223890494506257,-20.86930345116313,-1.4360909888483264,67017.121,64876.221500000145,66543.61193593823,65302.22975220842,63321.886,64304.45044610154,64616.30920000002,60998.58910000005,63652.4697879948,59433.70568301336,53.31441528102815,35088238507.00195,33140396998.990807,1947841508.0111465,20.78959908090777,-53.76206054430277,-2.810829412986704,2356394567656.697,2303621705670.152,2339783299693.759,2309842660414.576,2259475926021.081,2291257187414.2744,2314049055308.689,2208848013171.623,2279680147387.436,2145874028364.419
2024-07-31,2410.01,2450.92,2404.01,2447.6,104.073,104.342,104.447,103.863,5.33,5.5,2.9,66.4,4.3,19222.8489,19362.428,19426.6155,19162.9139,18580.5794,18710.0117,18841.4756,18580.5794,5505.59,5522.29,5551.51,5493.75,78.59,76.31,78.88,76.24,66215.7,64645.93,66849.58,64540.4,2326640398533.0,2278432150495.0,2358617789746.0,2271752651843.0,63.79798684766238,8.931939025061183,9.307523299834191,-0.3755842747730078,25.490394324699565,118.62436836216939,1.9671885284829882,2396.9487999999974,2409.8088999999973,2404.8180423410927,2399.1290027328864,2368.500199999999,2378.3575115194794,2354.739799999999,2246.998170000005,2342.651557792721,2265.292008310331,46.55337506948406,-0.14385017535957445,-0.1780883158650256,0.03423814050545115,29.01015887021089,-117.62364586578519,0.0565768150129875,104.35230000000061,104.27449999999968,104.32856269878044,104.41537048295656,104.94440000000027,104.6788502530952,104.97438000000058,104.55849499999995,104.75986871516378,104.6009255981313,46.646241769337784,-245.18999505460306,-186.34934152257793,-58.84065353202513,42.31118481490073,-1.627051200492255,-0.8205440789280982,19172.933179999953,19579.070545000013,19208.937393425498,19435.18026704221,19781.87980600002,19509.85379314157,19069.197956000015,18436.043072499964,19158.63397730872,18408.430940248272,65.21229094615086,100.2545078960502,97.17114382438254,3.08336407166766,24.52676717527678,217.37700533429518,1.6514487226650276,18523.37569000008,18525.108309999974,18548.909736490456,18475.34680686293,18223.61853399994,18307.529081286066,18118.92975000004,17833.59286599995,18127.011789835662,17749.360232657287,52.42566402530907,-16.029381874689534,-8.03276888496145,-7.996612989728083,43.2139066925652,43.52103936180208,0.3142603347145112,5474.605999999988,5526.916500000001,5482.445134755672,5500.808797764732,5507.793400000007,5478.195578066063,5370.422999999999,5213.447999999995,5387.890106658708,5207.841947820974,40.12125345791283,-1.293438412934691,-1.0741816051308681,-0.21925680780382284,31.84076905126153,-38.051336305699905,-2.6658163265306123,76.90699999999936,78.73150000000045,77.14087303367553,78.257916407294,80.33799999999985,79.3880721288558,79.4645,79.41400000000033,79.63020300819927,79.4402621872659,49.54509284278753,1204.7216852457059,1265.2219666435758,-60.50028139786991,23.425272273555834,-81.2518517563298,-5.190880445726254,66663.179,65239.808500000145,66198.57885667673,65239.725013902855,63268.294,64317.84180115638,64594.169600000016,61107.62220000004,63672.142267440446,59485.56861154059,48.04370178310558,28069809140.200684,32126279427.23278,-4056470287.032097,19.725215632153418,-108.76207786395895,-6.178145294354708,2341391149835.497,2313930010862.152,2328628545293.9844,2306851183279.3784,2257479099094.541,2290754244789.9893,2313039014478.789,2212015670358.208,2279655434577.685,2147193014654.2754
2024-08-01,2447.93,2462.29,2430.35,2444.6,104.307,103.221,104.426,103.125,5.33,5.5,2.9,66.4,4.3,19375.9651,18890.3861,19538.9739,18737.0929,18710.0118,18493.2265,18781.8466,18402.8247,5537.84,5446.69,5566.16,5410.42,76.87,73.52,77.29,72.97,64645.93,65336.55,65607.89,62276.2,2278663777066.0,2283490935574.0,2305040754607.0,2185207709400.0,62.826114625517604,11.528985164519781,9.75181567277131,1.777169491748472,26.169930230164905,168.83202620279215,2.0219936147569895,2401.7937999999967,2411.499899999997,2412.051125551803,2403.459573901183,2370.902239999999,2380.9552561657742,2355.970199999999,2248.976570000005,2344.6703388265287,2267.076167431621,30.88820525834181,-0.22242351754336198,-0.18695535620069287,-0.03546816134266911,30.71935157103649,-366.5458218350653,-1.1936669602174876,104.22760000000062,104.23134999999965,104.12718766263855,104.30162091315117,104.90404000000028,104.62167965493461,104.94836000000058,104.56160499999996,104.72939606733875,104.58719499516482,38.64454011652476,-256.6911907639369,-200.41771137084973,-56.27347939308717,42.76572645241089,-50.82502119150959,-4.704059081186108,19079.68524999995,19507.015170000013,19151.018976439045,19383.295108276285,19770.383938000017,19485.560942430136,19083.387103000015,18446.330412999963,19153.322138154093,18413.226513977144,52.88321283824416,89.58196340938957,95.65330774138394,-6.071344331994368,23.585841508089008,62.897212083938534,-0.24768025566314078,18518.78391000008,18524.473859999976,18538.78551167401,18477.049634780746,18233.364141999937,18314.811333000336,18125.934441000038,17842.06131199995,18134.26356627456,17756.761887058707,43.99518986635213,-18.076621029937996,-10.04153931395676,-8.035081715981237,43.0038970641096,-24.512881643108518,-2.1154122636762307,5462.834999999988,5518.484000000001,5475.944201163732,5495.654626549043,5508.306800000007,5476.960065200727,5374.184299999998,5216.762249999994,5389.054460982297,5210.218545355094,32.70966544907641,-1.5066235970176223,-1.160670003508219,-0.34595359350940336,32.09495914774638,-205.48488949030252,-4.469854469854462,76.56299999999935,78.29700000000045,76.48253248209816,77.80668627326601,80.23599999999986,79.1579516532144,79.3716,79.41960000000034,79.50920888922504,79.38135410580057,51.94330142021196,1060.2840254960029,1224.2343784140612,-163.95035291805834,21.955485773908354,-147.14969756335898,-3.3530596791607747,66436.50100000002,65609.59300000014,66041.84633728096,65248.946441150205,63210.0684,64357.7911422875,64583.25270000001,61225.72690000005,63705.10083640202,59543.78733182377,48.61875741994634,22654705635.302734,30231964668.84677,-7577259033.544037,19.097077019981526,-185.9039942311132,-4.350258622448244,2331005574308.897,2323223326547.752,2320421707163.078,2304626397783.628,2254627556725.601,2290469409134.4604,2312096627500.629,2215421170761.003,2279731385092.4634,2148549212872.382
2024-08-02,2445.98,2477.66,2410.945,2442.08,104.307,103.221,104.426,103.125,5.33,5.5,2.9,66.4,4.3,18494.2443,18440.845,18628.7817,18263.4995,18493.2264,18162.2571,18493.2264,17991.0317,5376.63,5346.55,5383.89,5302.03,76.87,73.52,77.29,72.97,65337.15,61444.49,65568.47,61203.75,2283277050670.0,2148150375901.0,2291916611611.0,2135287820059.0,61.972105685704506,13.231297836009617,10.44771210541897,2.783585730590646,25.78054262306423,135.04427539580254,1.3934710058218336,2405.149999999997,2413.064899999997,2417.5109209060206,2407.137709720118,2373.723839999999,2383.352304943587,2357.2407799999987,2250.915970000005,2346.5992430081815,2268.817499098968,30.888205258341817,-0.2814490874304596,-0.2058541024466462,-0.0755949849838134,32.30645907894597,-218.52600048762682,-1.061076604554867,104.11690000000063,104.18819999999964,103.96242626943155,104.1987046357082,104.85810000000026,104.5667510410156,104.92486000000058,104.56471499999998,104.69952683828254,104.57360101511343,32.86296720934393,-298.63767183804157,-220.0617034642881,-78.57596837375348,43.873954541355864,-165.40693738982205,-6.649132289279047,18948.33604999995,19412.482740000014,19021.89643526831,19293.537955107116,19747.662364000018,19444.59168978582,19092.527548000016,18454.370047999964,19139.213679972825,18413.50132478334,40.34283863116535,53.797288801211835,87.28210395334952,-33.484815152137685,23.576997739477683,-224.93241550221927,-1.9228773184830739,18483.175410000076,18507.290939999973,18470.325800460552,18447.069393373054,18238.141147999937,18308.828814059147,18129.976202000038,17848.87491099995,18134.817893675063,17760.79666529693,35.78613232323493,-27.462958020176302,-13.525823055200668,-13.937134964975634,43.81720820932069,-204.62908419107976,-3.765468208612699,5441.914999999988,5505.044500000002,5452.4179827703265,5481.454185925325,5506.562800000006,5471.845944996777,5376.9335999999985,5219.575799999995,5388.212788487598,5211.575077242108,32.70966544907642,-1.656479526461311,-1.2598319080988374,-0.39664761836247364,32.33099280876803,-151.98720476753937,-5.245521330068314,76.15599999999935,77.86250000000044,75.94389021262577,77.39843043771687,80.13739999999986,78.93685550995109,79.27110000000002,79.42520000000034,79.3906106933988,79.32303217439957,40.313774221309586,624.5598872249175,1104.2994801762325,-479.739592951315,21.054999620642185,-198.64679020891765,-6.861730395933008,65983.82400000001,65718.62500000015,65205.96336686624,64886.617256278754,63103.936400000006,64243.54403866838,64554.819900000024,61320.437400000046,63660.33626538416,59562.69979618373,36.86344849705908,7357531967.975098,25657078128.672436,-18299546160.69734,19.085168757744906,-215.44655707101876,-8.647264280942013,2310671619480.497,2323729737171.502,2289099646933.6094,2289723919509.092,2250310769632.121,2284888270576.2856,2310506343444.769,2218017853007.1777,2277125820554.0186,2148545244345.3037
2024-08-03,2445.98,2477.66,2410.945,2442.08,104.307,103.221,104.426,103.125,5.33,5.5,2.9,66.4,4.3,18494.2443,18440.845,18628.7817,18263.4995,18493.2264,18162.2571,18493.2264,17991.0317,5376.63,5346.55,5383.89,5302.03,76.87,73.52,77.29,72.97,61448.77,60715.11,62177.32,59871.16,2148275393866.0,2106497301259.0,2171363203791.0,2075378934718.0,61.97210568570451,14.414234569102973,11.24101659815577,3.173217970947203,25.41896841647074,113.84072885935852,1.8636856594644202,2409.617999999997,2414.629899999997,2421.978026195835,2410.4655468896303,2375.915039999999,2385.6553518085443,2358.3464699999986,2252.985595000005,2348.4899510674254,2270.5415040830576,30.888205258341817,-0.32448679503509936,-0.22958064096433684,-0.09490615407076253,33.78020176486192,-153.6268901600861,-1.1293103448275832,103.99900000000062,104.13649999999964,103.82762149317126,104.10558990849789,104.81216000000026,104.51397649038755,104.89614000000056,104.56403499999999,104.67024907910863,104.56014229854513,32.86296720934393,-328.0984456500846,-241.6690519014474,-86.42939374863721,44.90302348109048,-148.01627248336308,-3.1080865779528732,18889.18173999995,19317.950310000015,18916.250719764983,19212.32910223977,19723.283262000015,19405.2290745001,19102.630962000017,18462.420726499964,19125.384597201086,18413.773401153656,40.34283863116535,25.14778830989235,74.85524082465808,-49.707452514765734,23.568785668624304,-168.36159987282406,-0.7983489696889445,18468.558900000076,18490.108019999974,18414.313309467725,18419.94441305181,18245.041027999938,18303.080903703885,18134.283201000042,17856.48928749995,18135.36124429536,17764.791296488005,35.78613232323494,-34.503957565005294,-17.721449957161592,-16.7825076078437,44.572425701302414,-174.09661247358991,-1.4845811406418052,5433.857999999988,5491.605000000001,5433.169258630267,5468.606168218151,5504.861600000007,5466.932378526315,5379.914999999999,5222.478599999995,5387.387782774972,5212.9181112994,32.70966544907641,-1.7550107586298793,-1.3588676782050457,-0.3961430804248336,32.550166922573844,-119.43255522164523,-6.080735820132865,75.67999999999935,77.44300000000044,75.50318290123927,77.02905611031527,80.03879999999987,78.72442980367849,79.16780000000001,79.43000000000035,79.27436097669784,79.26529056072395,38.57095665987185,217.87892547720548,927.0153692364271,-709.1364437592216,20.750941739755113,-208.94239340513053,-7.160388300226995,65515.55000000001,65712.03750000014,64389.44457289056,64489.33085091887,62998.0862,64105.17407636766,64516.91710000003,61408.31400000005,63602.01495319833,59574.16656438091,34.12848822405616,-8034032067.24707,18918856089.488533,-26952888156.735603,19.676332903117828,-217.50255392996593,-9.178424317609334,2289383367311.797,2319652623252.552,2255899220447.317,2272273765390.0356,2245577761292.701,2277892546289.3335,2308457845370.9893,2220279854604.5527,2273747037993.721,2148126856851.9077
2024-08-04,2445.98,2477.66,2410.945,2442.08,103.221,102.674,103.277,102.16,5.33,5.5,2.9,66.4,4.3,18494.2443,18440.845,18628.7817,18263.4995,18493.2264,18162.2571,18493.2264,17991.0317,5376.63,5346.55,5383.89,5302.03,74.21,72.94,74.46,71.67,60713.38,58148.99,61102.18,57188.58,2106792660475.0,2011870839799.0,2126295087997.0,1975074930598.0,61.97210568570451,15.176772071451069,12.02816769281483,3.1486043786362394,25.083220938919645,96.82758184953654,3.2460998604828095,2417.295999999997,2415.6533999999974,2425.632930523865,2413.476447185856,2378.106239999999,2387.86808311017,2359.388169999999,2255.166270000005,2350.34321936312,2272.2483547886986,25.631699933000668,-0.3981432691408884,-0.26329316659964713,-0.13485010254124125,36.26546350817374,-227.98656763141224,-1.574063422677241,103.83480000000061,104.05804999999964,103.61787213077649,103.96924801245048,104.75528000000025,104.44182054958804,104.86195000000056,104.56015499999998,104.6307193943738,104.54137471348498,32.86296720934393,-347.44123486863464,-262.8234884948848,-84.61774637374981,45.858587496558336,-134.35211800645516,-2.0697164013181113,18850.20776999995,19220.648695000018,18829.81331617135,19138.854425835983,19698.904160000016,19367.41009118637,19109.856425000016,18470.943554999965,19111.82935765255,18414.042770296404,40.34283863116534,2.4150139841040072,60.367195456547265,-57.95218147244326,23.561160174260454,-130.99107453048748,-0.9932155473818871,18450.338900000075,18471.966284999973,18368.48490774632,18395.402764189734,18251.940907999942,18297.55840159785,18138.273099000042,17864.68643049995,18135.89383549743,17768.74618010504,35.78613232323494,-39.627202706224125,-22.1026005069741,-17.524602199250026,45.27369908671402,-141.4077004411887,-0.9756946823898827,5428.589999999989,5477.372000000001,5417.420302515673,5456.981771244994,5503.160400000006,5462.211500937048,5382.380999999999,5225.515249999996,5386.579113809131,5214.247781833735,31.212587575589172,-1.8584752766123245,-1.4587891978865015,-0.39968607872582296,33.3237832676137,-162.16757269824828,-5.469155002592019,75.25799999999936,77.05200000000045,75.03714964646849,76.63962219504715,79.92859999999988,78.4975894192205,79.0587,79.42495000000035,79.14892808607016,79.20235234618939,33.142337253128595,-307.9334397151906,680.0256074461035,-987.9590471612942,21.367266046714317,-208.03888343033768,-11.639693385170258,64749.55400000002,65379.832500000135,63254.81646872864,63885.48886511708,62837.060600000004,63871.59823023559,64460.62400000003,61485.30485000005,63494.03426105579,59559.985703043785,28.885435747979205,-27549943469.803223,9625096177.630182,-37175039647.4334,21.04456095682988,-210.01872548592382,-12.42158728968754,2260848219803.697,2304019162484.052,2211530423965.8047,2247473486762.318,2238566724272.401,2267460322505.399,2305748622845.7593,2222149670630.0776,2268561370702.737,2146771075587.6997
2024-08-05,2442.08,2458.845,2364.435,2409.39,102.78,102.93,103.225,102.7,5.33,5.5,2.9,66.4,4.3,17444.4018,17895.1551,18169.4878,17435.3855,18162.2572,17725.18,18162.2572,17561.4988,5151.14,5186.34,5250.89,5119.26,73.86,73.2,74.56,72.2,58143.6,54051.91,58294.28,49217.0,2010097409233.0,1868056302634.0,2018598684212.0,1691080967871.0,50.78693431273901,12.9934977833027,12.221233710912404,0.7722640723902963,23.885967742544842,5.342145162110083,0.9426492213717497,2419.545999999997,2412.7028999999975,2422.6796704286166,2413.087261739584,2379.643639999999,2388.7120798509477,2360.1029699999985,2257.099045000005,2351.5124625440485,2273.612948273388,31.506475387294447,-0.4308924352449566,-0.29681302032870904,-0.13407941491624753,38.5732065555347,-139.34977762460628,-1.3286552398481533,103.69620000000062,104.01734999999965,103.4928044706353,103.87027201126472,104.70728000000027,104.38253346921205,104.83032000000055,104.55712499999998,104.59704178260402,104.52534113424633,26.787033284473,-402.16721576785494,-290.69223394947886,-111.47498181837608,47.61052639983966,-204.7489220478748,-5.932093642440828,18737.35765999995,19095.475235000013,18659.87545868565,19020.406870994462,19663.611260000016,19309.674601335926,19111.624989000018,18475.507887499967,19087.736798095073,18408.879708900422,29.00012825672338,-50.2896350060073,38.23582936403635,-88.52546437004365,25.136409686753158,-229.72368394872757,-4.520984840876641,18366.409180000075,18419.164419999972,18251.52037906517,18331.57202474309,18250.099245999943,18275.112189770483,18137.89222600004,17870.230881999953,18127.760888259858,17768.31268577564,26.067199784236028,-55.96983405383162,-28.876047216345604,-27.093786837486014,47.00759816543374,-232.29568242031957,-4.996253954413643,5401.31499999999,5453.328500000001,5375.405702058278,5431.2063644597565,5498.255000000007,5451.393010704222,5383.2449,5227.542199999995,5382.613982842613,5213.970092462255,32.699604607676605,-1.897617274728347,-1.5465548132548705,-0.35106246147347653,33.93838302022585,-117.55111417413303,-5.132192846034211,74.86199999999937,76.56950000000045,74.70312243801968,76.31203912885219,79.79819999999987,78.28984081454519,78.9522,79.42470000000034,79.03112752991035,79.14262744722232,26.68470204357491,-1043.2180740999465,335.3768711368935,-1378.59494523684,23.58455543062296,-232.54915655254493,-20.459493901864747,63359.22500000002,64826.84450000014,61581.560747141615,62948.95754462974,62585.28300000001,63486.51241728518,64366.51810000003,61549.091650000046,63307.061503411125,59505.178979630415,23.081676649533414,-53998612707.534424,-3099645599.4027386,-50898967108.13168,23.73502876641974,-228.4674415378346,-21.147658635369893,2210748227443.197,2281056866115.802,2149080583723.6584,2211338516845.3354,2228231413723.161,2251797419765.344,2301492304842.0093,2223559551022.593,2260630577275.6333,2143997794264.7773
2024-08-06,2409.42,2418.33,2381.769,2389.1,102.954,103.186,103.368,102.916,5.33,5.5,2.9,66.4,4.3,17961.4535,18077.918,18368.6773,17858.8221,17725.1801,17922.5468,18108.2958,17725.1801,5206.42,5240.04,5312.34,5193.56,72.84,75.23,75.84,72.58,54067.33,56092.02,57103.17,54015.79,1870878586372.0,1939608842627.0,1981505218242.0,1869955109109.0,45.31950297451415,9.51630570246516,11.680248109222955,-2.163942406757794,22.77423263162538,-33.06724334677412,0.09258910129918974,2419.766999999997,2409.254899999997,2416.574275805232,2410.8027606215283,2381.105639999999,2388.7272924058125,2360.614869999999,2258.897195000005,2352.256770216444,2274.7620731661905,36.8765329965277,-0.43121850629236746,-0.3236941175214407,-0.10752438877092674,40.06573989780811,-91.36673298366263,-1.0832470570190544,103.5832000000006,103.96769999999965,103.43702183961071,103.80510324828712,104.66594000000026,104.33561058806647,104.80584000000056,104.55661499999998,104.56910036116632,104.51201435679114,31.36407201182315,-425.8812177171858,-317.73003070302025,-108.15118701416554,48.38654813130778,-120.82235882694323,-4.971379791861463,18642.783839999953,19009.413965000014,18554.065011651895,18930.646026137845,19627.114644000016,19261.37042089138,19115.22118200002,18479.327453499965,19067.740386251608,18405.58655756808,37.540030302447335,-75.26498979876123,15.53566553147683,-90.80065533023807,26.59914137692495,-144.89245596888895,-3.4578425941345747,18302.216140000077,18379.66795499997,18191.70700105332,18292.617241434225,18250.505185999944,18261.286096053995,18139.48502100004,17876.195849999953,18123.697242947783,17769.84735357887,32.66797341330547,-63.85229640248326,-35.87129705357314,-27.980999348910125,47.31686428300854,-131.69117118821836,-4.012573524158791,5379.40999999999,5435.916500000001,5350.7937562295,5413.000044035018,5493.591000000007,5443.104657343272,5384.645800000001,5229.543299999996,5379.790735657611,5214.229494527307,43.05103122386226,-1.7447214923437144,-1.5861881490726393,-0.15853334327107516,33.26679585255506,-53.10734463276811,-2.50129600829444,74.66899999999937,76.26600000000045,74.79891835837974,76.20898778324722,79.68859999999987,78.16984705711204,78.87819999999999,79.43460000000034,78.95585767783292,79.10369583083205,33.620380610655545,-1444.6634363774574,-20.631190365976693,-1424.0322460114808,25.64346700139527,-141.65163810708313,-17.425274699391135,62175.54700000002,64425.18550000014,60583.4624294795,62295.91587371262,62377.05640000001,63196.53232248968,64296.09370000003,61621.32805000004,63164.18939443269,59471.21719873857,30.55755783330399,-68397240826.457275,-16159164644.813646,-52238076181.64363,26.233320303896043,-139.96827657412354,-18.014307632730585,2168130168890.097,2263181419546.852,2110994812615.175,2185459500253.113,2220109669594.341,2239554730465.8013,2298050927488.729,2225280560888.728,2254273711242.9873,2141964073352.9587
2024-08-07,2389.98,2407.08,2379.15,2383.49,103.092,103.235,103.546,102.916,5.33,5.5,2.9,66.4,4.3,18345.4498,17867.3659,18445.7465,17851.0758,17922.5469,17838.8118,18180.0481,17833.8881,5293.13,5199.51,5330.64,5195.54,75.47,76.19,76.52,74.6,56079.52,55138.53,57761.99,54586.91,1940029028473.0,1905800880280.0,2007313255834.0,1879079186159.0,43.91190348532133,6.236040616880473,10.591406610754458,-4.355365993873985,21.84319395138682,-45.06404309898049,-0.1424447712295107,2419.426999999997,2406.172399999997,2410.5589529315534,2408.2015453242398,2382.191839999999,2388.5219083898983,2361.0952599999987,2260.667295000005,2352.875250014138,2275.843943084935,37.880451634909505,-0.42265097214099967,-0.34348548844535254,-0.07916548369564713,40.68261096127992,-70.00673874190842,-1.2757126873165103,103.4498000000006,103.91119999999964,103.40029059604512,103.7508077008312,104.62612000000027,104.29244938853445,104.77514000000056,104.55634999999998,104.54268253223233,104.4993077462758,29.106494332502468,-456.4033956807107,-345.4647036985583,-110.93869198215236,48.78675385577328,-105.27960818314405,-6.078170714628451,18527.154809999953,18917.527550000013,18429.210627715187,18829.381252219955,19586.284810000016,19206.703576934855,19116.06769000002,18482.094258999965,19043.970594444647,18400.23112813954,35.584460513510884,-100.6545698808477,-7.702381550988079,-92.95218832985962,27.405136876543086,-107.23241281227,-3.9088921933120857,18229.649600000077,18345.921459999972,18127.544237225444,18249.397675583346,18247.924369999942,18244.718476600898,18139.562445000043,17881.742142999952,18118.055947047826,17770.533566976093,30.45771997666542,-72.53351566250967,-43.203740775360444,-29.329774887149227,47.24407263694134,-110.36293403141505,-4.755004955038289,5353.451999999989,5418.6630000000005,5323.287618733228,5392.667658888826,5487.840800000006,5433.551925682752,5385.479300000001,5231.341749999996,5376.220820100034,5214.083031895195,47.187936768275506,-1.5284672868589553,-1.5746439766299025,0.046176689770947243,32.060398775123296,9.353376282510173,0.5012531328320691,74.70699999999938,76.14350000000044,75.05184229321978,76.20717942293797,79.58659999999988,78.09220599604882,78.82079999999999,79.44930000000035,78.90108821886594,79.07470383251531,32.092312852361665,-1818.7846354680732,-380.26187938639606,-1438.5227560816772,27.225348283643946,-112.0910580299874,-19.26338540842264,60859.967000000026,63982.66750000014,59593.47471502868,61614.26007621618,62176.22440000001,62880.53223141165,64208.83160000003,61688.56110000004,63005.26544602808,59428.10588332823,29.11754626849928,-81595693006.26929,-29246470317.104774,-52349222689.16451,28.177716406643615,-112.334989362997,-19.67741918975031,2121441874720.2969,2243685821573.052,2073686824917.8706,2158825345969.9595,2212158851645.301,2226466344184.0054,2294204027651.459,2226824210415.813,2247373259144.7104,2139614190834.8198
2024-08-08,2383.49,2427.65,2381.15,2426.5,103.265,103.154,103.302,103.028,5.33,5.5,2.9,66.4,4.3,18102.0453,18413.8168,18445.4107,17965.0729,17838.8119,18186.1244,18202.5303,17838.8119,5252.57,5319.3,5328.03,5233.85,76.02,76.84,77.09,75.85,55152.31,61727.57,62738.56,54773.16,1906487480548.0,2116472207233.0,2146062710642.0,1888832487617.0,55.35949923515885,7.025963520005007,9.878317992604568,-2.8523544725995613,20.494127049645492,5.301309670744026,1.8006527995704014,2423.7189999999964,2407.4783999999972,2413.4573251258166,2409.9442552933597,2384.1562399999993,2390.0112453157844,2362.5062599999987,2262.652445000005,2354.3331658554425,2277.343008327871,36.837483010110255,-0.4175835197757891,-0.35830509471143984,-0.05927842506434927,41.25541980593232,-68.969889999705,-1.2426760617317067,103.32000000000059,103.85064999999963,103.35551048767329,103.6939688721806,104.57608000000026,104.24780431447428,104.75037000000057,104.55546499999998,104.51518386822774,104.48592159954669,40.98015370747791,-431.5240798893901,-362.6765789367247,-68.84750095266543,49.15837345706267,-59.18578210877112,-3.387656289820229,18462.58781999995,18862.087405000017,18426.41174994879,18789.803685341863,19556.383994000018,19175.60997783937,19125.798940000022,18487.593318999963,19031.49230148535,18400.366308954075,47.74390764977846,-91.69378196930847,-24.500661634652158,-67.19312033465631,27.980212252619204,-61.99927218969366,-1.905373411692135,18194.325180000076,18334.92541499997,18138.195175911726,18243.371649337314,18252.289805999942,18242.42066967537,18145.390322000043,17889.024998999954,18119.403837205293,17774.668799145486,42.78012385283309,-68.95255051680397,-48.35350272364915,-20.599047793154817,47.17648039416465,-61.059890640970444,-2.640224762288257,5339.026999999989,5409.378500000001,5322.562597145368,5385.680262804176,5484.486400000006,5429.071458008919,5388.315300000001,5233.739149999997,5375.093675147558,5215.129966901212,49.844586875512626,-1.2897670713155236,-1.5176685955670268,0.22790152425150323,30.47600577904895,55.34661453484763,2.823497925866447,74.91799999999938,76.05350000000044,75.37696187627073,76.26744804932483,79.49759999999988,78.0430998785567,78.79919999999998,79.45970000000035,78.86027459076958,79.0524679734853,49.25614116353337,-1565.551220106383,-617.3197475303934,-948.2314725759895,26.606221571651165,-42.53675062127484,-7.607206352827145,60351.73000000002,63732.66450000015,59981.49203956892,61625.051497528926,62111.2268,62835.318026258254,64219.35700000003,61789.264250000044,62979.964546106734,59450.986123295115,46.14782345235181,-74200805321.76562,-38237337318.03694,-35963468003.72868,28.21963687550462,-51.81507345194762,-9.78210982437554,2098493473321.097,2230808360824.902,2081465985338.8032,2154791713709.2966,2208197696257.701,2222152848617.2993,2293598324130.5293,2229458236974.728,2244781159106.855,2139383922341.2693
2024-08-09,2426.85,2437.07,2417.03,2430.87,103.265,103.154,103.302,103.028,5.33,5.5,2.9,66.4,4.3,18373.889,18513.1037,18567.6292,18313.7842,18186.1245,18267.1527,18305.0182,18119.1506,5314.66,5344.15,5358.67,5300.84,76.02,76.84,77.09,75.85,61727.49,60881.01,61761.4,59581.59,2116901596577.0,2081058604195.0,2125755989115.0,2038315796709.0,56.33466195017907,7.91338501367818,9.48533139681929,-1.5719463831411105,19.615570684625304,43.79343993902499,0.8546760321457736,2425.7789999999964,2409.0028999999977,2416.6232660120318,2411.9371833606588,2385.575679999999,2391.613549421048,2363.617539999999,2264.700795000005,2355.848746729592,2278.8706400858023,36.83748301011026,-0.4088545070135723,-0.36841497717186633,-0.04043952984170596,41.78731373310955,-61.8109362657645,-0.8287186586679041,103.23380000000061,103.79009999999963,103.31887221718723,103.64254326530626,104.52252000000026,104.20491002763215,104.72847000000058,104.55457999999999,104.48822973222323,104.47266864830742,42.85297880138882,-399.193762618248,-369.98001567302936,-29.213746945218645,48.959208374180825,-23.346434582882285,-1.5065199121147121,18434.270859999953,18811.611605000016,18442.173922685375,18763.451305785497,19531.60011200002,19149.629339492727,19137.744491000023,18493.506937499962,19021.227180663856,18401.48807403911,50.11003050466684,-77.16448224409396,-35.03342575654052,-42.131056487553444,27.74466487144355,-16.171463750665495,-1.6868505278519574,18162.982520000074,18327.98078499997,18161.64199847323,18245.636511305187,18257.31387399994,18243.390553217512,18152.297925000043,17896.463300499952,18122.329557260633,17779.56913646742,44.95895558313682,-63.37883080986285,-51.35856834089189,-12.020262468970955,46.47904338303592,-25.956551840239392,-1.6977991152314464,5329.79699999999,5401.336499999999,5326.487579482574,5381.724999679968,5481.906200000007,5425.741204753667,5391.572800000002,5236.207699999997,5374.480929105032,5216.413748325081,49.84458687551263,-1.088053032683888,-1.431745482990399,0.3436924503065111,29.004783711265627,60.483766653731465,-1.373379540495434,74.81099999999938,75.96350000000044,75.64296880785787,76.32197680653199,79.41979999999988,77.99591949116233,78.7781,79.47205000000035,78.8202691533286,79.03045336678396,47.591780440628,-1416.8397839101162,-777.223754806338,-639.6160291037783,26.031318196229297,-20.750702723915996,-8.057227687484325,59818.211000000025,63417.66600000016,60145.040759647294,61554.19040252617,62031.21599999999,62758.678495816755,64245.08010000003,61895.96645000004,62938.401089748186,59465.215216595665,44.224317730557615,-70386513442.95776,-44667172543.0211,-25719340899.93666,28.25856302516127,-32.13580039728102,-10.551923510913086,2073943843999.6968,2215169205828.202,2081391916039.93,2147769512803.173,2203711082502.301,2216619740992.8955,2293119120059.539,2232290585466.4126,2241539128316.521,2138803570916.9282
2024-08-10,2426.85,2437.07,2417.03,2430.87,103.265,103.154,103.302,103.028,5.33,5.5,2.9,66.4,4.3,18373.889,18513.1037,18567.6292,18313.7842,18186.1245,18267.1527,18305.0182,18119.1506,5314.66,5344.15,5358.67,5300.84,76.02,76.84,77.09,75.85,60873.15,60964.18,61488.9,60287.98,2081524773769.0,2087900451918.0,2109909332951.0,2061966733878.0,56.33466195017907,8.518477237909792,9.29196056503739,-0.7734833271275985,18.799768345677986,35.4849085412942,-0.6835267200522965,2424.1059999999966,2410.527399999998,2419.2135812825713,2413.740308754882,2387.764079999999,2393.153018071203,2364.8992399999984,2266.710070000005,2357.3343161012835,2280.3830715277345,36.83748301011026,-0.3973562262794843,-0.3742032269933899,-0.023152999286094378,42.28121523691698,-54.65567491048358,-1.1385635697993113,103.1150000000006,103.73364999999963,103.28889545042591,103.59601533527709,104.46896000000027,104.16369786968579,104.7092500000006,104.55226499999999,104.46180934148614,104.45954756722973,42.852978801388815,-369.31452529620583,-369.8469175976646,0.532392301458799,48.77426936864769,-18.06052871188513,-4.386455562287949,18349.338429999952,18761.135805000016,18455.07024583349,18739.60867666307,19507.85356200002,19124.667549708698,19147.460115000024,18499.051427999962,19011.1653295616,18402.5986772825,50.11003050466684,-64.90176043950487,-41.00709269313339,-23.894667746371482,27.525942303209014,-11.38387166525233,-2.366962710130216,18118.696620000075,18321.03615499997,18180.82576238719,18247.685672133266,18262.743039999943,18244.32240211094,18157.97892100004,17903.794748999953,18125.197342265372,17784.420714214015,44.95895558313683,-58.28969051741751,-52.744792776197016,-5.544897741220495,45.83142330127354,-20.7220341398897,-3.2258356587575143,5311.98299999999,5393.294499999999,5329.698928667561,5378.146428281876,5479.497000000008,5422.541549665289,5394.372400000002,5238.605399999998,5373.880316647507,5217.684755804433,49.844586875512626,-0.9176155034689657,-1.3289194870861123,0.4113039836171466,27.638648934038258,66.07251367227086,0.6945354475167198,74.86399999999938,75.88550000000042,75.86061084279281,76.37131234876703,79.34199999999989,77.95058931503831,78.7654,79.48080000000034,78.78105590276763,79.00865781089556,47.778474401162256,-1277.5470087260328,-877.288405590277,-400.25860313575583,25.497479347623276,-10.690992128049677,-5.6952541327814465,59450.03600000002,63056.607500000144,60293.97516698415,61497.99893561891,61967.763600000006,62688.306005784725,64263.49690000002,62001.37700000004,62899.30760282248,59480.13028906735,44.70385797957112,-66050194193.13428,-48943776873.04374,-17106417320.090538,28.29470873555673,-23.347833612612586,-8.362403880914604,2054890674141.9968,2198140911988.752,2082575286199.579,2142067697480.7756,2199661654707.641,2211571925735.0566,2292535899266.5093,2235183322490.863,2238496778288.8276,2138297072220.4214
2024-08-11,2426.85,2437.07,2417.03,2430.87,103.154,103.128,103.31,103.094,5.33,5.5,2.9,66.4,4.3,18373.889,18513.1037,18567.6292,18313.7842,18186.1245,18267.1527,18305.0182,18119.1506,5314.66,5344.15,5358.67,5300.84,76.99,80.06,80.16,76.7,60961.45,58745.55,61863.17,58346.88,2087955962050.0,2014103757407.0,2127433214932.0,2002746675557.0,56.334661950179054,8.895475678685216,9.212663587766956,-0.3171879090817402,18.042237602369763,27.353848548685615,-0.5616460770678233,2422.7329999999965,2412.263399999998,2421.3329301402855,2415.3717079210837,2389.952479999999,2394.632115401744,2366.1886399999985,2268.7969200000052,2358.7904682576936,2281.880453900593,36.435302652262976,-0.3858933997638303,-0.376541261547478,-0.00935213821635228,42.696662586102214,-44.2940650132116,-0.09009794518557435,103.1057000000006,103.66664999999962,103.25964173216666,103.55144244620308,104.41488000000025,104.12308226695302,104.6897700000006,104.55172499999999,104.4353972753181,104.44629833770506,42.85297880138882,-341.6961538866708,-364.21676485546584,22.52061096879504,48.602540292081194,-12.190775860765847,-1.9972191039546838,18311.610189999956,18695.647720000015,18465.621782954673,18718.036774123728,19484.107012000015,19100.68465364169,19153.683199000025,18504.120453999964,19001.302723035627,18403.69822974735,50.11003050466684,-54.5545936645176,-43.71659288741023,-10.838000777107368,27.32284277556266,-5.933869045186571,-1.2224681290741835,18096.089240000078,18307.436574999967,18196.521569225883,18249.53967478724,18268.17220599994,18245.217707910513,18162.671531000044,17911.28426699995,18128.008339448235,17789.22401755517,44.95895558313682,-53.63820236216907,-52.92347469339143,-0.7147276687776412,45.2300617967799,-15.073817655109297,-1.8826112740031098,5301.72899999999,5382.281999999999,5332.32639618255,5374.908673207412,5477.087800000008,5419.467371247042,5396.535900000002,5240.983449999997,5373.291597505972,5218.943116443194,61.7496813817833,-0.5167585731328472,-1.1664873042954593,0.6497287311626121,27.10190649962393,163.4401114206127,8.895538628944522,75.51799999999939,76.04050000000042,76.6241361441032,76.72261593459875,79.32859999999988,78.03331130268387,78.78490000000001,79.49430000000034,78.8063815284554,79.01911892720506,43.342883104007015,-1330.8402816305097,-967.9987807983235,-362.84150083218617,25.513052619123734,-26.64102915224099,-10.087768637921657,58790.93600000002,62613.71850000015,60012.443318441576,61235.86094175044,61857.2196,62533.688123204935,64221.62280000002,62094.65400000004,62817.05497702402,59472.82103245971,40.64473118638714,-67787000107.19141,-52712421519.873276,-15074578587.31813,28.730217509125858,-34.67242798697516,-11.797164331606346,2027951956325.2969,2179478765317.102,2070125917328.2012,2129880655568.9875,2194142755410.901,2203828075996.7017,2290067384769.939,2237665172846.623,2234053352132.752,2137061317844.1685
2024-08-12,2430.71,2473.22,2423.96,2471.93,103.093,102.603,103.272,102.55,5.33,5.5,2.9,66.4,4.3,18548.2287,18542.0258,18665.7469,18433.6083,18267.1528,18206.3879,18302.3123,18177.3124,5351.88,5344.38,5371.2,5324.37,79.74,78.35,80.15,78.16,58742.29,59380.17,60711.04,57686.08,2014476502141.0,2061849837144.0,2099449536093.0,1985327400813.0,65.24439090131955,12.364913480675114,9.843113566348588,2.5217999143265253,18.686634183203534,118.99548865974316,1.2223186791587404,2425.717999999996,2415.433999999998,2430.532397387506,2420.7582119285994,2392.962079999999,2397.6634049938325,2367.8886399999988,2271.054045000005,2361.030855024868,2283.7714941602885,29.44477723075098,-0.4143952490776286,-0.38411205905350815,-0.030283190024120443,43.93286142164771,-98.62042285718228,-0.5987153776847776,103.0439000000006,103.58039999999963,103.14025232631818,103.46111459418374,104.35724000000026,104.06347119766075,104.6650400000006,104.54686999999998,104.39911218075734,104.42795706071297,43.50520687906168,-313.8566793762184,-354.14474775961634,40.288068383397956,47.94889485816392,15.64203125372659,0.5486776771888691,18321.728269999956,18635.032160000013,18479.513422417458,18701.273824207183,19460.938904000017,19078.7764633028,19160.19550400002,18509.245642499962,18992.20813050027,18405.07462348121,48.071318907926916,-50.67346877056116,-45.10796806404041,-5.565500706520744,27.1342503570339,1.0399337804306588,0.24298081321623144,18100.50232000008,18291.83886499997,18198.315447548448,18245.42998195036,18272.38607599994,18243.694970345394,18166.75649300004,17917.86859199995,18129.56040995421,17793.374901957606,44.983172999609195,-49.36426489167934,-52.21163273304901,2.8473678413696675,44.37633882701499,4.81770268440486,-0.0405869205375442,5301.51199999999,5371.7135,5334.517960512995,5372.0011805209915,5474.683200000009,5416.52276845304,5398.701700000001,5243.234499999997,5372.719090624666,5220.191244637789,54.36907713607204,-0.3332181453979075,-0.999833472515949,0.6666153271180415,26.60350281052491,129.49410735422768,6.5696409140370005,76.0009999999994,76.07850000000042,76.93792957244807,76.87760489320839,79.26299999999988,78.0457304672845,78.78730000000002,79.49600000000034,78.79734427046618,79.01246102743187,44.91810476853404,-1306.8030420926443,-1035.7596330571878,-271.04340903545653,25.693144241992467,-25.249985149397013,-3.359650312013329,58584.50400000003,62284.16400000014,59897.48453327038,61059.12847110754,61780.8554,62410.020745824346,64176.224000000024,62191.82550000004,62748.997848766114,59471.89913163921,44.17648394273216,-64566439974.14575,-55083225210.72777,-9483214763.417984,29.24902239738657,-26.356843758600004,-4.0174347068604455,2019321902449.597,2164996760965.052,2068621175476.5283,2123401530004.7031,2190368913351.181,2198260301924.0466,2287805112096.499,2240425221816.6177,2230643381538.915,2136312944901.8782
2024-08-13,2470.115,2476.97,2458.63,2466.498,102.61,102.569,102.72,102.27,5.33,5.5,2.9,66.4,4.3,18724.8406,19006.4326,19013.013,18723.7442,18206.3878,18402.3115,18411.968,18206.3878,5376.98,5434.44,5436.5,5376.98,78.73,76.98,79.1,76.83,59379.82,60622.3,61601.36,58456.3,2062484369423.0,2088316034013.0,2117154028806.0,2021939218665.0,63.401281141517565,14.508901348551262,10.776271122789122,3.73263022576214,19.40193982711298,142.7682740044605,0.9998853436414823,2428.1597999999963,2418.8888999999976,2437.071597862505,2425.114382221114,2395.636039999999,2400.362800876427,2369.5343199999984,2273.296960000005,2363.119313341207,2285.589668347748,29.0559763779926,-0.4347155555305733,-0.3942327583489212,-0.0404827971816521,45.40303968700636,-151.68936067730053,-0.6316544114085332,102.9787000000006,103.48884999999962,103.0363882669876,103.37615129949957,104.29622000000026,104.004864484027,104.63986000000061,104.54254999999998,104.36287233559383,104.40945997553175,52.8172069261509,-251.4217146814044,-333.60014114397393,82.17842646256952,45.82133269634979,105.7212250595771,3.0670373293631537,18378.287029999956,18633.734385000014,18575.316909250647,18730.33656475888,19451.57516000002,19075.93944905563,19171.35187700002,18517.17275949996,18992.48980316363,18411.05828493911,54.49922188039403,-31.425992927481275,-42.371573036728584,10.94558010924731,26.04443978638616,56.43037272363303,1.3217211862946332,18124.50776000008,18296.53332999997,18235.405638903274,18260.37107890747,18277.898445999937,18249.91522641028,18172.80069100004,17925.13462299995,18134.961421638287,17799.433972584895,53.59331778626376,-38.26890915392687,-49.42308801722458,11.154178863297709,42.208280905733965,86.1762398438537,1.643863800020573,5310.3009999999895,5372.0795,5352.685604056087,5377.947734757087,5474.414400000009,5417.225404984293,5401.7681,5245.951899999997,5373.94128684992,5222.323073049353,49.28639032408531,-0.2949090564842294,-0.8588485893096051,0.5639395328253757,25.105549308454048,72.9561656302136,4.706202393906422,76.3469999999994,76.01350000000042,76.94557874109388,76.88735680814092,79.18599999999988,78.00393711562629,78.77230000000002,79.49085000000034,78.76135725520943,78.9922375346216,47.96740821051729,-1173.9908112057965,-1063.4058686869096,-110.58494251888692,25.464101530796437,10.262521370766404,-0.15286145409272311,58575.223000000035,62045.38650000014,60029.26916358485,61017.52575957349,61787.3814,62339.91404990967,64141.717100000016,62285.85200000005,62706.88502007767,59483.345906448776,46.09130561142383,-59196145647.03418,-55905809297.98905,-3290336349.045128,29.47796417864648,2.274838462893638,-0.8631042268667288,2017503775724.9968,2153443571518.4019,2072202058846.796,2120060054195.9695,2188412235543.221,2193948762005.9663,2285716215344.639,2243032938835.4478,2227825018221.5703,2135835363699.0037
2024-08-14,2466.415,2479.94,2438.19,2447.4,102.626,103.042,103.227,102.536,5.33,5.5,2.9,66.4,4.3,19043.7583,19022.6753,19103.0038,18837.0971,18402.3114,18498.0887,18521.4048,18402.3114,5442.36,5455.2,5463.22,5415.91,77.52,78.16,78.6,76.93,60619.07,58714.56,61826.9,58491.89,2088616289748.0,2041555701546.0,2129959619286.0,2027077235151.0,57.275140128485816,14.49983313849907,11.520983525931111,2.9788496125679593,18.99593215868415,82.42335833437464,0.21784708117671414,2428.691799999996,2422.9938999999977,2438.949489160231,2427.236822009579,2398.210039999999,2402.207396920489,2370.7506899999985,2275.4443850000052,2364.7882378295,2287.1997213990144,40.77273585753131,-0.40794980639221023,-0.396976167957579,-0.010973638434631228,44.6493554408358,-51.87214611872278,0.3584159573017498,103.01550000000059,103.42514999999962,103.03740858208076,103.34432736621389,104.23606000000026,103.96710509249652,104.6164900000006,104.54059499999998,104.3367164477603,104.39585340861103,53.1083286375694,-198.34451311502562,-306.5490155381843,108.20450242315866,43.50085261802696,148.0083319280142,3.155117349557446,18436.470059999956,18643.338915000015,18656.6547984778,18758.17834906756,19438.006094000015,19073.850658896587,19180.64297100002,18525.18108999996,18993.08753577425,18417.144026382502,57.2829290864933,-8.347584299113805,-35.56677528920563,27.219190990091825,24.238050859933512,129.79122903437909,1.849063132136819,18158.090920000082,18304.21490999997,18283.166195466314,18283.01085234485,18286.840229999936,18259.64751949223,18178.14313300004,17932.87953999995,18142.152060813765,17806.385760917383,55.328809450455616,-27.4837853234485,-45.035227478469366,17.551442155020865,39.707620021167564,138.50025495665986,2.032151574379726,5321.165999999988,5374.878,5371.324585136798,5385.305093351651,5474.132600000009,5418.714604788831,5404.5128,5248.773099999997,5375.550370278635,5224.640256402096,53.33305212716424,-0.1674029719337966,-0.7205594658344434,0.5531564939006468,23.714592485102536,79.0047416532228,7.156567041403883,76.8689999999994,76.06350000000042,77.16638260634954,77.00856092165131,79.13119999999986,78.01005722873899,78.77010000000001,79.49160000000033,78.74944919074984,78.98395656412785,43.94371078653012,-1208.7412193576383,-1092.4729388210553,-116.268280536583,25.14920457023958,7.159108304058019,0.9726222243928939,58631.78000000003,61690.66700000015,59790.23113384215,60798.19568723316,61725.418999999994,62197.74330285439,64096.94280000001,62368.79250000005,62627.829079086034,59475.69629543934,43.26744575736787,-58044219112.93799,-56333491260.978836,-1710727851.9591522,29.502569711015138,9.840631058885704,1.4754854615799173,2020472261899.6968,2140660240851.702,2066629993883.015,2112583449181.6868,2184731751813.161,2187972563556.556,2283439522528.699,2245357766438.523,2224136516901.262,2134897257607.929
2024-08-15,2446.958,2470.03,2432.28,2456.8,103.035,102.403,103.051,102.393,5.33,5.5,2.9,66.4,4.3,19251.8616,19490.1455,19502.9216,19239.9441,18498.0888,18706.5183,18728.9561,18498.0888,5501.13,5543.21,5546.23,5501.13,76.81,75.54,76.98,74.52,58710.83,57562.38,59882.22,56148.93,2042127400415.0,1999936152526.0,2074357040617.0,1957837470382.0,59.3567622808126,15.077345701694867,12.232255961083862,2.845089740611005,18.334775691559578,70.94518821392779,1.96771797010864,2433.432799999996,2426.4893999999977,2442.1950365856437,2430.0523627705716,2401.384079999999,2404.348283315764,2372.1795199999983,2277.6388100000054,2366.610252921985,2288.8872863602182,32.87383781871053,-0.43330484844743467,-0.40424190405555016,-0.029062944391884504,44.19113743837839,-114.19256664100456,-0.511998445545514,102.96280000000058,103.32949999999963,102.92206156715699,103.25467714086018,104.16558000000028,103.90576763788881,104.5855200000006,104.53456499999997,104.29842503295316,104.37602402146068,60.63614424367293,-117.20840461584157,-268.68089335371576,151.4724887378742,40.765345096663715,226.07232476603772,8.9129733220362,18595.96909999995,18666.663380000013,18808.198562390928,18827.88950629922,19432.788048000017,19090.175946782994,19194.62996400002,18535.526771499957,19002.930267739117,18427.820657960787,62.63963476755418,26.45578182623285,-23.162263866117932,49.61804569235078,23.667461652797723,200.93988271475192,5.536408092893841,18256.22475000008,18311.31696499997,18360.13930538153,18323.344894978676,18301.094833999938,18277.171863825868,18185.265588000046,17941.666604999955,18153.327629906562,17815.34230359482,61.843578246285205,-11.699955708988455,-38.36817312457318,26.668217415584728,37.63461008904761,224.20798638715655,6.880960368969258,5356.852999999989,5379.084000000001,5402.576478748289,5400.343655889588,5475.43860000001,5423.596777150054,5408.067800000001,5252.034349999997,5378.870362946384,5227.810104597101,44.787614887412694,-0.274600165269689,-0.6313676057214925,0.35676744045180353,23.144442086222405,-15.96591200780317,3.1967213114754145,77.1029999999994,75.98250000000041,76.87067667792236,76.86869797673214,79.00719999999987,77.91319223937667,78.73560000000002,79.48540000000034,78.68589574142807,78.94968833960917,41.67023247694996,-1314.1042887716685,-1136.799208811178,-177.3050799604905,25.508614477324524,-41.03588388702604,6.494627109384288,58982.82700000003,61171.02600000014,59385.16729132539,60490.02276463952,61659.85759999999,62015.964349801274,64049.07970000001,62446.44255000006,62527.5231567279,59456.65832235039,40.86747266469732,-59800317971.14795,-57026856603.01266,-2773461368.135292,30.04522943300798,-30.45082209966248,7.059736353023549,2033660246888.897,2122204237166.052,2054503840909.0122,2101855135214.4785,2180725845272.421,2180598586653.397,2281109126460.209,2247491702390.8877,2219696905725.5146,2133554361039.9495
2024-08-16,2456.51,2509.72,2450.87,2506.844,103.035,102.403,103.051,102.393,5.33,5.5,2.9,66.4,4.3,19393.726,19508.5239,19561.2373,19376.7192,18706.5182,18753.7662,18769.8593,18673.9555,5530.5,5554.26,5561.98,5525.17,76.81,75.54,76.98,74.52,57562.14,58916.6,59854.4,57118.12,2000329727036.0,2028241714749.0,2061468681768.0,1978773182055.0,68.23104129693276,19.35010516628745,13.655825802124578,5.69427936416287,19.02263520105061,158.2166042850793,4.9283830731237765,2445.207199999996,2432.4870999999976,2453.949393570072,2437.365852030517,2404.974959999999,2408.367723185734,2374.1629599999987,2280.008255000005,2369.387158804718,2291.056009879022,32.87383781871053,-0.44823196289586065,-0.41303991582361227,-0.03519204707224838,43.76564929323937,-98.74610145756992,-0.7588238714554274,102.88450000000057,103.23384999999962,102.8276867367648,103.17356503220684,104.09632000000029,103.84683557365788,104.55754000000061,104.52853499999996,104.26089186398379,104.35639194164516,60.90189069164216,-50.83843693567178,-225.11240207010695,174.27396513443517,38.394803921922566,168.71312745131115,7.913554536534573,18739.029689999952,18690.90676500001,18935.530441956213,18892.71182950882,19427.177986000017,19106.581748869936,19208.86508700002,18545.088040999955,19012.94202283339,18438.57392405073,63.74937074952217,57.19094922556542,-7.091621247781259,64.28257047334668,23.34449763534416,185.78435649457847,4.637841983484159,18339.346690000082,18320.78141499997,18431.707831675798,18364.337400218803,18315.988453999937,18295.86183779348,18192.842941000046,17950.232457499955,18165.21750258168,17824.679854802835,62.58143748632635,1.6811068745228113,-30.35831712475398,32.03942399927679,35.9199808302557,172.34782803320886,5.996519110541154,5388.274999999989,5383.842500000001,5430.155300794055,5415.002355328676,5476.86620000001,5428.720825104953,5411.7338,5255.165949999998,5382.343425066258,5231.058362262801,44.787614887412694,-0.35545722369217003,-0.576185529315628,0.22072830562345802,22.615016715833715,-20.334035998053622,0.41206965306395116,77.13399999999939,75.90150000000041,76.62873546375467,76.74215531228145,78.88719999999988,77.82012587704817,78.6984,79.47400000000034,78.62360077625128,78.91576109244888,45.255241136671316,-1273.6492088109007,-1164.1692088111226,-109.4799999997781,25.842352248189115,-3.01538455648427,5.0356182572850905,59265.28500000002,60720.41600000014,59299.97323835714,60340.172977530994,61604.79219999999,61894.420649809064,64026.1416,62524.53845000005,62456.0197278818,59451.28460770014,43.17600507707377,-58236700227.21387,-57268825327.8529,-967874899.3609695,30.549127746287045,-4.197498735819861,4.5696261108995495,2042523534101.097,2105326851495.602,2049728908879.9192,2094844333265.3853,2176486648078.921,2174623807363.0286,2279379785757.829,2249547074353.7827,2215905713824.9897,2132506474012.1787
2024-08-17,2456.51,2509.72,2450.87,2506.844,103.035,102.403,103.051,102.393,5.33,5.5,2.9,66.4,4.3,19393.726,19508.5239,19561.2373,19376.7192,18706.5182,18753.7662,18769.8593,18673.9555,5530.5,5554.26,5561.98,5525.17,76.81,75.54,76.98,74.52,58918.4,59511.7,59724.3,58848.46,2028611823360.0,2051145402150.0,2060024839425.0,2023278517972.0,68.23104129693276,22.477194716424037,15.42009958498447,7.057095131439567,19.66136188843514,129.7315121683738,5.175352109721465,2457.5425999999966,2438.4847999999974,2463.56659473915,2443.9828185038014,2408.583639999999,2412.229537962764,2375.7743999999984,2282.3583750000053,2372.1090764521496,2293.2031540593302,32.87383781871053,-0.4548189390261541,-0.42139572046412066,-0.03342321856203345,43.37055315846742,-86.67807646531094,-0.8059282220177155,102.80130000000057,103.1255499999996,102.75047096644393,103.10017788628238,104.02706000000029,103.79021457076934,104.52843000000061,104.52356499999995,104.22410192608312,104.3369552059074,60.90189069164216,1.7401808984868694,-179.74188547638818,181.48206637487505,36.19358711680578,127.58415702640947,9.185226346095021,18903.14548999995,18715.15015000001,19039.711070691446,18951.360598127027,19423.691046000018,19122.344186169154,19222.81569700002,18555.247113999954,19022.755525351542,18449.220192468132,63.74937074952217,80.61945987489162,10.450594976753319,70.1688648981383,23.044602476280136,137.56652852674807,5.129009769585657,18430.84213000008,18330.245864999968,18490.263898643836,18401.425857340822,18330.533865999936,18313.8188716055,18199.108467000045,17958.553964999955,18176.871932233527,17833.924495053554,62.58143748632635,12.145687452777565,-21.85751620924767,34.003203662025236,34.327825089948924,129.51393520691892,6.8227582983781065,5423.749999999989,5388.601000000001,5452.719791558772,5428.264988154516,5478.741600000011,5433.643930002799,5415.135700000001,5258.312449999998,5385.747713678807,5234.274298956703,44.787614887412694,-0.4147559763172808,-0.5438996187159586,0.12914364239867782,22.12340744332993,-25.18975061347978,-0.8531303320645667,77.06899999999939,75.8880000000004,76.43078356125382,76.6276643301594,78.76719999999987,77.73070917598746,78.67120000000001,79.47245000000035,78.56253937474135,78.88217142983744,46.8025471454518,-1179.966747772567,-1167.3287166034115,-12.63803116915551,26.15225160684909,32.330107151130235,7.931241547426082,59702.60200000001,60281.28450000014,59338.4690132013,60261.27078919471,61587.55139999999,61800.98062432636,63990.2349,62607.34595000005,62397.716366933644,59451.88575588223,45.04552835693429,-54520902712.3457,-56719240804.75146,2198338092.405754,31.01703332290332,31.469429471442762,7.626427470672903,2057057986288.097,2089249930504.202,2049986453110.843,2090682530302.0151,2173705652018.761,2169781516962.5176,2277258610410.419,2251763347894.5127,2212643133395.782,2131696911108.0774
2024-08-18,2456.51,2509.72,2450.87,2506.844,102.403,101.85,102.484,101.85,5.33,5.5,2.9,66.4,4.3,19393.726,19508.5239,19561.2373,19376.7192,18706.5182,18753.7662,18769.8593,18673.9555,5530.5,5554.26,5561.98,5525.17,75.47,73.66,75.73,73.45,59512.72,58469.35,60275.85,58455.15,2051250109319.0,2026919772703.0,2084249624627.0,2021074006072.0,68.23104129693276,24.67104328457708,17.270288324902992,7.400754959674089,20.254465241006493,107.65132761842614,3.3111065320420296,2465.5769999999966,2444.6479999999974,2471.435213877486,2449.9695976939156,2412.1923199999987,2415.9399090230477,2377.2406399999986,2284.697070000005,2374.777094740226,2295.328933620929,27.181958076256336,-0.4989105136122731,-0.43689867909375113,-0.06201183451852199,43.875455254183876,-190.4047567532863,-1.2641293599860437,102.67090000000056,102.99544999999962,102.58674897254502,102.98111332568406,103.9467400000003,103.71412772485681,104.49379000000062,104.51644499999993,104.17709000675474,104.31220938296305,60.90189069164216,42.914423578826245,-135.21062366534528,178.12504724417153,34.14960008348305,103.04992754954448,5.9450309074433605,19012.616199999953,18737.60201000001,19124.949766929367,19004.423769733978,19420.20410600002,19137.488488672323,19236.289137000018,18567.103554499954,19032.374701087156,18459.76052786646,63.74937074952217,98.05639032807085,27.971754047016823,70.08463628105403,22.7661284000064,109.75671084257841,3.1212906472805058,18487.60631000008,18340.96574499997,18538.17340798132,18434.98208045122,18345.079277999936,18331.07170801313,18205.025587000047,17967.767138999956,18188.29558110019,17843.077148834116,62.581437486326365,20.206020527447436,-13.44480886190865,33.65082938935608,32.84939475966406,104.15860874290398,4.417122553719466,5447.245999999989,5393.1365,5471.181647638996,5440.264513092181,5480.617000000011,5438.373971963473,5418.451400000002,5261.855449999997,5389.084590635662,5237.458236280517,39.16377434226411,-0.6064600591282101,-0.5564117067984089,-0.050048352329801205,22.273910621911398,-103.2698877501225,-4.1384695471108905,76.75099999999938,75.83450000000042,75.92700473193494,76.34502963204899,78.60959999999987,77.57107352202716,78.6252,79.47165000000035,78.4654593871227,78.83020952506294,44.433609845774015,-1176.2723210585173,-1169.1174374944326,-7.154883564084685,26.13437621918482,19.04042600527652,-5.278386950919989,59376.78000000001,59864.25500000014,59180.447374437426,60090.61166641426,61538.37999999999,61670.32844298023,63966.9732,62686.87795000005,62319.92693392506,59442.10928069932,43.41838027560224,-52920873359.29126,-55959567315.65942,3038693956.3681564,31.026998971496567,29.74698243509611,-4.231212402598839,2048102742835.097,2073298108078.102,2045792511218.5078,2084609886721.1565,2170263420965.001,2164179095619.007,2275634532366.5293,2253978133001.918,2208965443085.034,2130654352516.9822
2024-08-19,2507.48,2510.17,2485.76,2503.8,101.878,101.38,102.009,101.361,5.33,5.5,2.9,66.4,4.3,19521.9329,19766.4854,19767.4261,19445.1036,18753.7663,18882.0419,18882.1141,18753.7663,5557.23,5608.24,5608.3,5550.74,73.74,73.17,74.38,72.54,58468.93,59507.84,59640.95,57865.2,2027181675215.0,2061511663251.0,2069849215020.0,2004380876006.0,67.11769946618821,25.865892809089473,18.98940922174029,6.876483587349185,20.819874223547004,114.04785643221965,3.0001604363869783,2472.8699999999967,2449.324499999998,2477.319720445216,2455.0963026754475,2415.7401199999986,2419.3854027868497,2378.6764399999984,2286.943345000005,2377.3320037552708,2297.403272589875,23.463554517731172,-0.5652624821499757,-0.46257143970499603,-0.10269104244497962,44.91359951432282,-211.73365814047244,-1.719758807220273,102.49350000000054,102.86364999999962,102.36734006844593,102.82862634228557,103.85776000000031,103.62259330427419,104.45445000000059,104.50810499999994,104.1217020858289,104.28303317019724,65.03949348961365,95.26251771779789,-89.11599538871664,184.37851310651453,32.90899836970313,108.26938206376144,6.770240799763916,19137.954369999952,18786.11261500001,19241.592609305844,19077.00106785455,19421.87639600002,19162.155034214586,19252.342192000015,18579.212434999954,19046.911546610183,18472.762765400126,67.06649987017164,120.83317070787598,46.54403737918865,74.28913332868733,23.11956278306118,114.64067502363079,3.3660921879741013,18549.09523000008,18356.03887499997,18600.69495198472,18477.559206122532,18362.190203999933,18352.67838220869,18212.225464000046,17976.606419999956,18202.033131969492,17853.41510655716,66.53038408297321,30.596925124097652,-4.6364620647073895,35.23338718880504,32.14291396190385,111.70196468777998,4.941665185296085,5473.654999999989,5401.726000000001,5496.1013480682695,5456.262178511974,5483.572000000011,5445.035384827651,5422.306900000001,5265.365749999997,5393.4243017121835,5241.1476070637955,37.830439096399786,-0.7888326589472854,-0.6028958972281842,-0.18593676171910123,22.871274960377313,-150.76132819666222,-4.776158250910989,76.38399999999938,75.59750000000041,75.4257311443104,76.04264585756813,78.40539999999987,77.3984824035163,78.57430000000001,79.47610000000034,78.36059880519949,78.77388903227624,47.295826568748424,-1077.1305072961331,-1150.7200514547726,73.58954415863946,26.310860329773373,1.506757239986787,-2.2554980608896047,59239.46300000001,59528.83700000015,59239.9733063579,60035.109602946235,61474.07899999998,61585.52497462806,63953.64,62769.02590000005,62264.24204414437,59442.763317707286,46.39591731764064,-48304735180.17114,-54428600888.56176,6123865708.390617,31.189514373202318,20.04609738716349,-0.9392787355722354,2046148048740.6968,2060045946370.202,2048650538860.779,2082410055914.4749,2166399873309.921,2160152921800.6538,2274350025132.949,2256284675989.738,2206045566256.6377,2129966365559.1118
2024-08-20,2503.28,2531.67,2497.47,2513.6,101.347,101.137,101.634,100.923,5.33,5.5,2.9,66.4,4.3,19736.3493,19719.821,19835.3832,19652.1814,18882.042,18802.2437,18883.1082,18770.9763,5602.88,5597.11,5620.51,5585.5,73.12,71.93,74.16,71.46,59497.38,59056.22,61436.23,58603.91,2062295071234.0,2050145139322.0,2123600642102.0,2030599099276.0,68.87835801942211,27.28902684898867,20.649332747189966,6.639694101798703,22.00127740803816,129.31856214347093,3.4033082805744463,2481.142999999997,2452.6244999999976,2483.916134909722,2460.668083373024,2419.382119999999,2423.08009287364,2380.2102399999985,2289.3134450000052,2380.0303799185326,2299.5544838078863,21.80288630497911,-0.6301905203815039,-0.4960952558402976,-0.1340952645412063,46.27654439279861,-204.77506125214543,-1.9553289256839301,102.29180000000053,102.70339999999962,102.14364187418303,102.66751907159171,103.76706000000031,103.52511905704775,104.41368000000061,104.49417999999994,104.06259907422833,104.25172935755846,63.72571178010885,131.46785280995027,-44.99922574898326,176.46707855893354,31.959935871496842,102.76440579173357,6.518179336941765,19258.62609999995,18803.982265000006,19328.54322579569,19138.222013773164,19420.02836600002,19184.0242877748,19267.928603000015,18589.597881999955,19060.23648628127,18485.171305047887,63.1926164250287,130.93554199453138,63.4223383022572,67.51320369227417,23.452964834549707,94.05216611349022,2.929252351407774,18602.60433000008,18360.65047499997,18637.34017889659,18508.481538872766,18379.09410599993,18370.308394671094,18218.62735900005,17985.107785999957,18213.918489752275,17862.85618708893,65.00702796948606,37.50140108871983,3.7911105659780553,33.71029052274177,31.650606458901816,102.18167505204399,4.733400072977001,5498.950999999988,5405.467000000001,5514.466557510403,5469.676256748929,5486.012200000011,5450.999095226566,5426.051100000002,5268.558199999997,5397.457681876299,5244.68952142137,34.618459034168445,-1.021645007421526,-0.6866457192668525,-0.3349992881546735,23.909174447253395,-167.9920805147671,-6.389901093180628,75.89299999999938,75.37850000000041,74.79014366352669,75.6509652997045,78.18779999999987,77.18403211318233,78.50240000000001,79.47435000000034,78.23326021499751,78.70579063394514,46.18174697554403,-1023.206972213964,-1125.217435606611,102.0104633926469,25.493777841405905,34.41052623676077,-3.1296410449545897,59048.667,59249.35150000015,59206.56361429283,59941.88202171326,61397.850199999986,61486.33654425049,63929.2731,62848.36755000005,62200.71685515141,59438.917115541044,45.5477399386394,-45044352644.653564,-52551751239.78012,7507398595.126556,30.411722910440215,64.5753634507858,-1.8082908388336705,2042372517481.097,2048631595811.552,2048922284399.1829,2079337206715.1917,2162277595621.1008,2155838891115.2163,2272818848324.969,2258490203031.1777,2202958429089.615,2129172124502.0261
2024-08-21,2512.968,2519.89,2494.182,2511.8,101.133,101.455,101.625,101.091,5.33,5.5,2.9,66.4,4.3,19758.4716,19824.8386,19885.3357,19690.6364,18802.2436,18902.495,18913.9043,18802.2436,5603.09,5620.84,5632.68,5591.57,71.93,73.27,73.33,71.58,59056.22,61188.5,61846.5,58852.72,2050435622165.0,2107271635881.0,2130945040258.0,2031746035470.0,68.15650073360216,27.94944210134281,22.109354618020536,5.840087483322275,22.895837822960484,101.25243035869224,3.3292607173563527,2489.2359999999967,2455.9844999999978,2488.9859285625,2465.5377897184503,2423.034119999999,2426.559304917811,2381.9652399999986,2291.674545000005,2382.6396793260865,2301.6663794913898,28.895282875048604,-0.6485108862850524,-0.5265783819292486,-0.12193250435580383,47.542136065669,-138.6326351531692,-1.6222558374059393,102.12450000000054,102.61509999999961,102.0184342606952,102.55204106477345,103.6894200000003,103.44393791755567,104.3780200000006,104.48184499999996,104.01096344899608,104.22390120474694,65.41867965845496,166.7131193031164,-2.656756738563324,169.36987604167973,31.22973298660387,96.44239719802573,7.085440244144481,19389.799589999948,18850.704890000008,19418.778748378292,19203.61406960429,19416.287278000018,19209.15426080324,19284.190848000013,18600.508416999954,19075.37712219649,18498.50132788323,65.86057288942106,145.35561702544874,79.8089940468955,65.54662297855323,23.93063027754422,94.24944036864368,3.478058734353273,18666.138560000076,18381.11389999997,18685.550146369937,18546.006630408694,18396.580653999932,18391.17845762517,18226.312782000048,17994.110408499957,18227.553668173023,17873.200851894017,66.75484905969759,44.37651586340962,11.908191625464369,32.468324237945254,31.358685884637932,96.41774212906422,5.177437010562969,5526.619999999988,5414.1745,5533.807183417603,5484.072803725221,5488.248600000012,5457.65952286474,5430.045400000002,5271.869299999997,5401.881094116372,5248.432312252999,40.49784473846983,-1.0855105795033637,-0.7664186913141547,-0.31909188818920897,24.872938256495477,-128.84045502342065,-8.481139145640782,75.21399999999937,75.36600000000041,74.51375390652184,75.42420669973264,77.97559999999987,77.03054065776341,78.45490000000001,79.47930000000034,78.13497783450251,78.65170316495066,51.938131543406804,-799.2022997454405,-1060.014408434377,260.8121086889364,24.52494091003905,107.52570665214112,4.1585277523148445,59292.962,59041.94900000015,59566.9156844214,60060.607543454855,61380.05959999999,61474.65667977007,63911.667199999996,62939.32070000006,62180.6729570296,59456.32590046104,50.45050164324595,-37419496486.53955,-49525300289.132,12105803802.592453,29.567906681050495,119.72416410234268,4.62577352985758,2051689305328.4968,2039820630826.9019,2059531257395.877,2081997628540.5068,2159445393418.6409,2153934292870.7373,2271524617401.7593,2261018900567.798,2201063641105.286,2128954209192.3643
2024-08-22,2511.348,2514.66,2470.89,2483.69,101.133,101.455,101.625,101.091,5.33,5.5,2.9,66.4,4.3,19911.2805,19630.3648,19938.8904,19585.0651,18902.4951,18872.3962,18945.8616,18842.9395,5637.77,5593.93,5643.22,5581.88,71.93,73.27,73.33,71.58,61192.34,60343.96,61432.55,59792.93,2107776868055.0,2090021991992.0,2124983065270.0,2067931390064.0,57.943641062911965,25.90595613550795,22.868674921518018,3.0372812139899317,22.419591484917838,47.66623267953654,0.4757416269878245,2490.4119999999966,2458.064999999998,2488.023032460227,2467.2665716500264,2425.643919999999,2428.7997243327986,2383.224139999999,2293.895095000005,2384.6406757750747,2303.477559794958,28.895282875048604,-0.6554740118643565,-0.5523575079162701,-0.10311650394808636,48.71732833333436,-108.90993123660989,-1.1188756664035182,102.00970000000055,102.52679999999961,101.91599166784152,102.44756096336646,103.61598000000029,103.36594035216133,104.34974000000061,104.46685999999995,103.96035031139219,104.19634994897831,59.84829371193165,176.91348798804393,33.25729220675813,143.6561957812858,30.060354072139166,75.66256768440289,5.869579795320967,19498.63348999995,18910.180880000007,19457.248939582238,19244.256996308643,19405.16190400002,19225.672321163896,19297.266790000016,18610.446582999954,19086.3669772025,18509.76365098887,64.35239571895342,152.59587846533395,94.3663709305832,58.22950753475075,24.549503542879368,87.16931033584976,3.6581023301167637,18732.739390000075,18416.620854999972,18719.522156120856,18577.091351322153,18412.195531999932,18410.04974163987,18232.82868000005,18002.96253699996,18240.3228272191,17883.143094163726,62.91702577754506,47.110619850834155,18.948677270538326,28.16194258029583,31.232759187736317,80.61356797442647,4.669391023841873,5551.574999999988,5426.5435,5544.738604614402,5494.535393846629,5489.3870000000115,5463.003463144554,5433.517800000002,5275.045849999996,5405.684042747731,5251.870100190779,40.49784473846982,-1.123177217692799,-0.8377703965898836,-0.2854068211029154,25.76786179364883,-107.90254157750594,-6.483726866624117,74.70599999999936,75.35350000000042,74.28761683260878,75.21904415690095,77.77779999999987,76.88306847510601,78.4013,79.48175000000033,78.03864163975989,78.59815387972728,49.671963027775604,-681.963057216024,-984.4041381907064,302.44108097468234,23.62530661662697,84.09707652637498,1.6230839352598725,59389.34099999999,58986.922500000146,59708.196469072056,60087.59349169725,61383.28079999999,61430.31563350458,63899.30819999999,63028.14930000006,62144.302403425056,59465.15808055595,49.01539360778301,-32395213294.13086,-46099282890.131775,13704069596.000916,28.78436303947433,110.26679199516553,1.366353375521423,2054506520813.2969,2036914211631.452,2065075027322.4448,2082761853631.1252,2157853134870.6208,2151427928130.3948,2270555850127.169,2263527662470.9727,2198864796568.3894,2128566823946.5896
